Name,TID,TID_DESCRIPTION,TID_BONUS_DESCRIPTION,InfoTID,SWF,IconExportName,DemoteLimit,PromoteLimit,GoldReward,ElixirReward,DarkElixirReward
String,String,String,String,String,String,String,int,int,int,int,int
Unranked,TID_LEAGUE_UNRANKED,TID_LEAGUE_UNRANKED_DESCRIPTION,TID_LEAGUE_UNRANKED_BONUS,,sc/ui.sc,league_unranked_icon,0,500,0,0,0
Bronze,TID_LEAGUE7,TID_LEAGUE7_DESCRIPTION,TID_LEAGUE7_BONUS,,sc/ui.sc,league7_icon,300,1200,40,40,0
Silver,TID_LEAGUE6,TID_LEAGUE6_DESCRIPTION,TID_LEAGUE6_BONUS,,sc/ui.sc,league6_icon,800,1700,50,50,0
Gold,TID_LEAGUE5,TID_LEAGUE5_DESCRIPTION,TID_LEAGUE5_BONUS,,sc/ui.sc,league5_icon,1300,2200,60,60,0
Platinum,TID_LEAGUE4,TID_LEAGUE4_DESCRIPTION,TID_LEAGUE4_BONUS,,sc/ui.sc,league4_icon,1800,2700,70,70,0
Diamond,TID_LEAGUE3,TID_LEAGUE3_DESCRIPTION,TID_LEAGUE3_BONUS,,sc/ui.sc,league3_icon,2300,3200,80,80,0
Elite,TID_LEAGUE2,TID_LEAGUE2_DESCRIPTION,TID_LEAGUE2_BONUS,,sc/ui.sc,league2_icon,2800,3400,90,90,0
Master,TID_LEAGUE1,TID_LEAGUE1_DESCRIPTION,TID_LEAGUE1_BONUS,,sc/ui.sc,league1_icon,3200,,100,100,0
