Name,VisualLevel,TID,InfoTID,EnabledByCalendar,Speed,Hitpoints,UpgradeTimeH,UpgradeResource,UpgradeCost,RequiredTownHallLevel,RequiredHeroTavernLevel,AttackRange,AltAttackRange,AttackSpeed,CoolDownOverride,DPS,PreferedTargetDamageMod,DamageRadius,IconSWF,IconExportName,BigPicture,BigPictureSWF,SquarePicture,SquarePictureSWF,ArmyTrainingPicture,ArmyTrainingPictureSWF,Projectile,PreferedTargetBuilding,DeployEffect,AttackEffect,AttackEffectAlt,HitEffect,IsFlying,AirTargets,GroundTargets,IsJumper,AttackCount,DieEffect,Animation,AbilityAttackCount,MaxSearchRadiusForDefender,HousingSpace,HealerWeight,TrainingResource,TrainingCost,CelebrateEffect,SleepOffsetX,SleepOffsetY,PatrolRadius,AbilitySummonTroop,AbilityDescTID,AbilityIcon,AbilityBigPictureExportName,StrengthWeight,StrengthWeight2,AlertRadius,Scale,AuraSpell,AuraSpellLevel,AuraTID,AuraDescTID,AuraBigPictureExportName,RetributionSpell,RetributionSpellLevel,RetributionSpellTriggerHealth,HasAltMode,AltModeFlying,AltModeAnimation,PreferedTargetBuildingClass,NoAttackOverWalls,TargetGroups,FightWithGroups,TargetGroupsRadius,TargetGroupsRange,TargetGroupsMinWeight,SmoothJump,WakeUpSpeed,WakeUpSpace,FriendlyGroupWeight,EnemyGroupWeight,AttackEffectShared,TargetedEffectOffset,TriggersTraps,VillageType,NoDefence,PreAttackEffect,DefaultSkin,NewTargetAttackDelay,Gender,SpecialAbilities,SpecialAbilitiesLevel,OnlyShowRageBoost,AvoidNoiseInAttackPositionSelection,AbilityExtraPowerMaxLevel,PreviewScenario,AltPreviewScenario,ItemSlotCount,DefaultItems,MigrationGearLevel,HeroFlagSWF,HeroFlagExportName,HeroFlagBaseExportName,HeroBannerPrefix,LevelGrantedByTavernLevel,ControlledMoveEffect,ForceRetaliation
String,int,String,String,boolean,int,int,0,String,int,int,int,int,int,int,int,int,int,int,String,String,String,String,String,String,String,String,String,String,String,String,String,String,boolean,boolean,boolean,boolean,int,String,String,int,int,int,int,String,int,String,int,int,int,String,String,String,String,int,int,int,int,String,int,String,String,String,String,int,int,boolean,boolean,String,String,boolean,boolean,boolean,int,int,int,boolean,int,int,int,int,String,int,boolean,int,boolean,String,String,int,String,String,String,boolean,boolean,int,String,String,int,String,int,String,String,String,String,int,String,boolean
Barbarian King,1,TID_BARBARIAN_KING,TID_HERO_INSTRUCTIONS_BARBARIAN,,200,1445,0,DarkElixir,5000,7,1,100,,1200,,102,1,,sc/ui.sc,icon_hero_barbarianKing,unit_barbarianKing_big,sc/info_barbarian.sc,icon_hero_barbarianKing_profile,sc/ui.sc,hero_art_bk,sc/ui.sc,,,Hero Deploy,,,Barbarian King Hit,FALSE,FALSE,TRUE,FALSE,,,,,1000,25,21,Elixir,,Barbarian King Scream,,,300,Barbarian,TID_HERO_ABILITY_BARBARIAN_DESC,icon_hero_barbarianKing_ability1,unit_barbarianKing_ability_big,1564,782,1200,,,,,,,,,,,,,,,,,,,,,,,2100,2500,,-50,TRUE,,,,BarbarianKingDefault,,M,BarbarianKingAbilityHeal,1,,TRUE,,HeroKing,,2,Barbarian Puppet; Rage Vial;,1,sc/buildings.sc,BK_rally_point,BK_rally_point_base,bk,,ForceMoveBK,TRUE
,2,,,,,1481,0,,5500,7,1,,,,,104,,,,,,,,,,,,,,,,,,,,,,,,,,,,,,,,,,,,,,1601,800,,,,,,,,,,,,,,,,,,,,,,,,,,,,,,,,,,,,1,,,,,,,,1,,,,,,,
,3,,,,,1518,0,,6000,7,1,,,,,105,,,,,,,,,,,,,,,,,,,,,,,,,,,,,,,,,,,,,,1634,817,,,,,,,,,,,,,,,,,,,,,,,,,,,,,,,,,,,,1,,,,,,,,1,,,,,,,
,4,,,,,1556,0,,6500,7,1,,,,,108,,,,,,,,,,,,,,,,,,,,,,,,,,,,,,,,,,,,,,1677,838,,,,,,,,,,,,,,,,,,,,,,,,,,,,,,,,,,,,1,,,,,,,,1,,,,,,,
,5,,,,,1595,0,,7000,7,1,,,,,110,,,,,,,,,,,,,,,,,,,,,,,,,,,,,,,,,,,,,,1802,944,,,,,,,,,,,,,,,,,,,,,,,,,,,,,,,,,,,,2,,,,,,,,1,,,,,,,
,6,,,,,1635,0,,7500,7,1,,,,,112,,,,,,,,,,,,,,,,,,,,,,,,,,,,,,,,,,,,,,1844,966,,,,,,,,,,,,,,,,,,,,,,,,,,,,,,,,,,,,2,,,,,,,,1,,,,,,,
,7,,,,,1675,0,,8000,7,1,,,,,115,,,,,,,,,,,,,,,,,,,,,,,,,,,,,,,,,,,,,,1890,990,,,,,,,,,,,,,,,,,,,,,,,,,,,,,,,,,,,,2,,,,,,,,1,,,,,,,
,8,,,,,1717,0,,8500,7,1,,,,,116,,,,,,,,,,,,,,,,,,,,,,,,,,,,,,,,,,,,,,1929,1011,,,,,,,,,,,,,,,,,,,,,,,,,,,,,,,,,,,,2,,,,,,,,1,,,,,,,
,9,,,,,1760,0,,10000,7,1,,,,,119,,,,,,,,,,,,,,,,,,,,,,,,,,,,,,,,,,,,,,1978,1036,,,,,,,,,,,,,,,,,,,,,,,,,,,,,,,,,,,,2,,,,,,,,1,,,,,,,
,10,,,,,1805,0,,10500,7,1,,,,,122,,,,,,,,,,,,,,,,,,,,,,,,,,,,,,,,,,,,,,2125,1159,,,,,,,,,,,,,,,,,,,,,,,,,,,,,,,,,,,,3,,,,,,,,1,,,,,,,
,11,,,,,1850,0,,11000,8,2,,,,,124,,,,,,,,,,,,,,,,,,,,,,,,,,,,,,,,,,,,,,2174,1186,,,,,,,,,,,,,,,,,,,,,,,,,,,,,,,,,,,,3,,,,,,,,2,,,,,,,
,12,,,,,1896,0,,11500,8,2,,,,,127,,,,,,,,,,,,,,,,,,,,,,,,,,,,,,,,,,,,,,2227,1215,,,,,,,,,,,,,,,,,,,,,,,,,,,,,,,,,,,,3,,,,,,,,2,,,,,,,
,13,,,,,1943,0,,12000,8,2,,,,,129,,,,,,,,,,,,,,,,,,,,,,,,,,,,,,,,,,,,,,2277,1242,,,,,,,,,,,,,,,,,,,,,,,,,,,,,,,,,,,,3,,,,,,,,2,,,,,,,
,14,,,,,1992,0,,12500,8,2,,,,,132,,,,,,,,,,,,,,,,,,,,,,,,,,,,,,,,,,,,,,2334,1273,,,,,,,,,,,,,,,,,,,,,,,,,,,,,,,,,,,,3,,,,,,,,2,,,,,,,
,15,,,,,2042,0,,13000,8,2,,,,,134,,,,,,,,,,,,,,,,,,,,,,,,,,,,,,,,,,,,,,2495,1410,,,,,,,,,,,,,,,,,,,,,,,,,,,,,,,,,,,,4,,,,,,,,2,,,,,,,
,16,,,,,2093,0,,13500,8,2,,,,,137,,,,,,,,,,,,,,,,,,,,,,,,,,,,,,,,,,,,,,2556,1445,,,,,,,,,,,,,,,,,,,,,,,,,,,,,,,,,,,,4,,,,,,,,2,,,,,,,
,17,,,,,2145,0,,14000,8,2,,,,,139,,,,,,,,,,,,,,,,,,,,,,,,,,,,,,,,,,,,,,2613,1477,,,,,,,,,,,,,,,,,,,,,,,,,,,,,,,,,,,,4,,,,,,,,2,,,,,,,
,18,,,,,2198,0,,14500,8,2,,,,,143,,,,,,,,,,,,,,,,,,,,,,,,,,,,,,,,,,,,,,2680,1515,,,,,,,,,,,,,,,,,,,,,,,,,,,,,,,,,,,,4,,,,,,,,2,,,,,,,
,19,,,,,2253,0,,15000,8,2,,,,,145,,,,,,,,,,,,,,,,,,,,,,,,,,,,,,,,,,,,,,2740,1549,,,,,,,,,,,,,,,,,,,,,,,,,,,,,,,,,,,,4,,,,,,,,2,,,,,,,
,20,,,,,2309,0,,17000,8,2,,,,,148,,,,,,,,,,,,,,,,,,,,,,,,,,,,,,,,,,,,,,2927,1707,,,,,,,,,,,,,,,,,,,,,,,,,,,,,,,,,,,,5,,,,,,,,2,,,,,,,
,21,,,,,2367,0,,19000,9,3,,,,,151,,,,,,,,,,,,,,,,,,,,,,,,,,,,,,,,,,,,,,2997,1748,,,,,,,,,,,,,,,,,,,,,,,,,,,,,,,,,,,,5,,,,,,,,3,,,,,,,
,22,,,,,2427,0,,21000,9,3,,,,,154,,,,,,,,,,,,,,,,,,,,,,,,,,,,,,,,,,,,,,3069,1790,,,,,,,,,,,,,,,,,,,,,,,,,,,,,,,,,,,,5,,,,,,,,3,,,,,,,
,23,,,,,2487,0,,23000,9,3,,,,,157,,,,,,,,,,,,,,,,,,,,,,,,,,,,,,,,,,,,,,3141,1832,,,,,,,,,,,,,,,,,,,,,,,,,,,,,,,,,,,,5,,,,,,,,3,,,,,,,
,24,,,,,2549,0,,25000,9,3,,,,,161,,,,,,,,,,,,,,,,,,,,,,,,,,,,,,,,,,,,,,3220,1878,,,,,,,,,,,,,,,,,,,,,,,,,,,,,,,,,,,,5,,,,,,,,3,,,,,,,
,25,,,,,2613,0,,27000,9,3,,,,,164,,,,,,,,,,,,,,,,,,,,,,,,,,,,,,,,,,,,,,3433,2060,,,,,,,,,,,,,,,,,,,,,,,,,,,,,,,,,,,,6,,,,,,,,3,,,,,,,
,26,,,,,2678,0,,29000,9,3,,,,,167,,,,,,,,,,,,,,,,,,,,,,,,,,,,,,,,,,,,,,3513,2108,,,,,,,,,,,,,,,,,,,,,,,,,,,,,,,,,,,,6,,,,,,,,4,,,,,,,
,27,,,,,2746,0,,31000,9,3,,,,,170,,,,,,,,,,,,,,,,,,,,,,,,,,,,,,,,,,,,,,3596,2158,,,,,,,,,,,,,,,,,,,,,,,,,,,,,,,,,,,,6,,,,,,,,4,,,,,,,
,28,,,,,2814,0,,33000,9,3,,,,,173,,,,,,,,,,,,,,,,,,,,,,,,,,,,,,,,,,,,,,3679,2207,,,,,,,,,,,,,,,,,,,,,,,,,,,,,,,,,,,,6,,,,,,,,4,,,,,,,
,29,,,,,2885,0,,35000,9,3,,,,,177,,,,,,,,,,,,,,,,,,,,,,,,,,,,,,,,,,,,,,3770,2262,,,,,,,,,,,,,,,,,,,,,,,,,,,,,,,,,,,,6,,,,,,,,4,,,,,,,
,30,,,,,2956,0,,37000,9,3,,,,,181,,,,,,,,,,,,,,,,,,,,,,,,,,,,,,,,,,,,,,4015,2471,,,,,,,,,,,,,,,,,,,,,,,,,,,,,,,,,,,,7,,,,,,,,4,,,,,,,
,31,,,,,3030,0,,39000,10,4,,,,,184,,,,,,,,,,,,,,,,,,,,,,,,,,,,,,,,,,,,,,4108,2528,,,,,,,,,,,,,,,,,,,,,,,,,,,,,,,,,,,,7,,,,,,,,5,,,,,,,
,32,,,,,3107,0,,41000,10,4,,,,,188,,,,,,,,,,,,,,,,,,,,,,,,,,,,,,,,,,,,,,4209,2590,,,,,,,,,,,,,,,,,,,,,,,,,,,,,,,,,,,,7,,,,,,,,5,,,,,,,
,33,,,,,3184,0,,43000,10,4,,,,,192,,,,,,,,,,,,,,,,,,,,,,,,,,,,,,,,,,,,,,4310,2652,,,,,,,,,,,,,,,,,,,,,,,,,,,,,,,,,,,,7,,,,,,,,5,,,,,,,
,34,,,,,3264,0,,45000,10,4,,,,,196,,,,,,,,,,,,,,,,,,,,,,,,,,,,,,,,,,,,,,4414,2716,,,,,,,,,,,,,,,,,,,,,,,,,,,,,,,,,,,,7,,,,,,,,5,,,,,,,
,35,,,,,3346,0,,47000,10,4,,,,,200,,,,,,,,,,,,,,,,,,,,,,,,,,,,,,,,,,,,,,4694,2955,,,,,,,,,,,,,,,,,,,,,,,,,,,,,,,,,,,,8,,,,,,,,5,,,,,,,
,36,,,,,3429,0,,49000,10,4,,,,,203,,,,,,,,,,,,,,,,,,,,,,,,,,,,,,,,,,,,,,4800,3022,,,,,,,,,,,,,,,,,,,,,,,,,,,,,,,,,,,,8,,,,,,,,6,,,,,,,
,37,,,,,3515,0,,51000,10,4,,,,,207,,,,,,,,,,,,,,,,,,,,,,,,,,,,,,,,,,,,,,4914,3094,,,,,,,,,,,,,,,,,,,,,,,,,,,,,,,,,,,,8,,,,,,,,6,,,,,,,
,38,,,,,3602,0,,53000,10,4,,,,,212,,,,,,,,,,,,,,,,,,,,,,,,,,,,,,,,,,,,,,5035,3170,,,,,,,,,,,,,,,,,,,,,,,,,,,,,,,,,,,,8,,,,,,,,6,,,,,,,
,39,,,,,3692,0,,55000,10,4,,,,,216,,,,,,,,,,,,,,,,,,,,,,,,,,,,,,,,,,,,,,5154,3245,,,,,,,,,,,,,,,,,,,,,,,,,,,,,,,,,,,,8,,,,,,,,6,,,,,,,
,40,,,,,3785,0,,58000,10,4,,,,,220,,,,,,,,,,,,,,,,,,,,,,,,,,,,,,,,,,,,,,5471,3517,,,,,,,,,,,,,,,,,,,,,,,,,,,,,,,,,,,,9,,,,,,,,6,,,,,,,
,41,,,,,3879,0,,61000,11,5,,,,,234,,,,,,,,,,,,,,,,,,,,,,,,,,,,,,,,,,,,,,5655,3635,,,,,,,,,,,,,,,,,,,,,,,,,,,,,,,,,,,,9,,,,,,,,7,,,,,,,
,42,,,,,3976,0,,64000,11,5,,,,,239,,,,,,,,,,,,,,,,,,,,,,,,,,,,,,,,,,,,,,5792,3723,,,,,,,,,,,,,,,,,,,,,,,,,,,,,,,,,,,,9,,,,,,,,7,,,,,,,
,43,,,,,4076,0,,67000,11,5,,,,,244,,,,,,,,,,,,,,,,,,,,,,,,,,,,,,,,,,,,,,5932,3813,,,,,,,,,,,,,,,,,,,,,,,,,,,,,,,,,,,,9,,,,,,,,7,,,,,,,
,44,,,,,4178,0,,70000,11,5,,,,,249,,,,,,,,,,,,,,,,,,,,,,,,,,,,,,,,,,,,,,6074,3905,,,,,,,,,,,,,,,,,,,,,,,,,,,,,,,,,,,,9,,,,,,,,7,,,,,,,
,45,,,,,4282,0,,73000,11,5,,,,,254,,,,,,,,,,,,,,,,,,,,,,,,,,,,,,,,,,,,,,6440,4220,,,,,,,,,,,,,,,,,,,,,,,,,,,,,,,,,,,,10,,,,,,,,7,,,,,,,
,46,,,,,4389,0,,76000,11,5,,,,,259,,,,,,,,,,,,,,,,,,,,,,,,,,,,,,,,,,,,,,6593,4320,,,,,,,,,,,,,,,,,,,,,,,,,,,,,,,,,,,,10,,,,,,,,8,,,,,,,
,47,,,,,4499,0,,79000,11,5,,,,,265,,,,,,,,,,,,,,,,,,,,,,,,,,,,,,,,,,,,,,6756,4426,,,,,,,,,,,,,,,,,,,,,,,,,,,,,,,,,,,,10,,,,,,,,8,,,,,,,
,48,,,,,4611,0,,82000,11,5,,,,,270,,,,,,,,,,,,,,,,,,,,,,,,,,,,,,,,,,,,,,6915,4530,,,,,,,,,,,,,,,,,,,,,,,,,,,,,,,,,,,,10,,,,,,,,8,,,,,,,
,49,,,,,4727,0,,85000,11,5,,,,,276,,,,,,,,,,,,,,,,,,,,,,,,,,,,,,,,,,,,,,7084,4641,,,,,,,,,,,,,,,,,,,,,,,,,,,,,,,,,,,,10,,,,,,,,8,,,,,,,
,50,,,,,4845,0,,86000,11,5,,,,,282,,,,,,,,,,,,,,,,,,,,,,,,,,,,,,,,,,,,,,7506,5004,,,,,,,,,,,,,,,,,,,,,,,,,,,,,,,,,,,,11,,,,,,,,8,,,,,,,
,51,,,,,4967,0,,87000,12,6,,,,,288,,,,,,,,,,,,,,,,,,,,,,,,,,,,,,,,,,,,,,7688,5126,,,,,,,,,,,,,,,,,,,,,,,,,,,,,,,,,,,,11,,,,,,,,9,,,,,,,
,52,,,,,5092,0,,88000,12,6,,,,,294,,,,,,,,,,,,,,,,,,,,,,,,,,,,,,,,,,,,,,7874,5250,,,,,,,,,,,,,,,,,,,,,,,,,,,,,,,,,,,,11,,,,,,,,9,,,,,,,
,53,,,,,5219,0,,89000,12,6,,,,,300,,,,,,,,,,,,,,,,,,,,,,,,,,,,,,,,,,,,,,8063,5375,,,,,,,,,,,,,,,,,,,,,,,,,,,,,,,,,,,,11,,,,,,,,9,,,,,,,
,54,,,,,5350,0,,90000,12,6,,,,,307,,,,,,,,,,,,,,,,,,,,,,,,,,,,,,,,,,,,,,8262,5508,,,,,,,,,,,,,,,,,,,,,,,,,,,,,,,,,,,,11,,,,,,,,9,,,,,,,
,55,,,,,5484,0,,93000,12,6,,,,,314,,,,,,,,,,,,,,,,,,,,,,,,,,,,,,,,,,,,,,8747,5925,,,,,,,,,,,,,,,,,,,,,,,,,,,,,,,,,,,,12,,,,,,,,9,,,,,,,
,56,,,,,5622,0,,96000,12,6,,,,,320,,,,,,,,,,,,,,,,,,,,,,,,,,,,,,,,,,,,,,8955,6066,,,,,,,,,,,,,,,,,,,,,,,,,,,,,,,,,,,,12,,,,,,,,10,,,,,,,
,57,,,,,5763,0,,99000,12,6,,,,,327,,,,,,,,,,,,,,,,,,,,,,,,,,,,,,,,,,,,,,9174,6214,,,,,,,,,,,,,,,,,,,,,,,,,,,,,,,,,,,,12,,,,,,,,10,,,,,,,
,58,,,,,5908,0,,102000,12,6,,,,,334,,,,,,,,,,,,,,,,,,,,,,,,,,,,,,,,,,,,,,9397,6366,,,,,,,,,,,,,,,,,,,,,,,,,,,,,,,,,,,,12,,,,,,,,10,,,,,,,
,59,,,,,6055,0,,105000,12,6,,,,,341,,,,,,,,,,,,,,,,,,,,,,,,,,,,,,,,,,,,,,9622,6518,,,,,,,,,,,,,,,,,,,,,,,,,,,,,,,,,,,,12,,,,,,,,10,,,,,,,
,60,,,,,6208,0,,107000,12,6,,,,,349,,,,,,,,,,,,,,,,,,,,,,,,,,,,,,,,,,,,,,10180,6999,,,,,,,,,,,,,,,,,,,,,,,,,,,,,,,,,,,,13,,,,,,,,10,,,,,,,
,61,,,,,6363,0,,109000,12,6,,,,,355,,,,,,,,,,,,,,,,,,,,,,,,,,,,,,,,,,,,,,10417,7161,,,,,,,,,,,,,,,,,,,,,,,,,,,,,,,,,,,,13,,,,,,,,11,,,,,,,
,62,,,,,6522,0,,111000,12,6,,,,,362,,,,,,,,,,,,,,,,,,,,,,,,,,,,,,,,,,,,,,10665,7332,,,,,,,,,,,,,,,,,,,,,,,,,,,,,,,,,,,,13,,,,,,,,11,,,,,,,
,63,,,,,6685,0,,113000,12,6,,,,,370,,,,,,,,,,,,,,,,,,,,,,,,,,,,,,,,,,,,,,10925,7511,,,,,,,,,,,,,,,,,,,,,,,,,,,,,,,,,,,,13,,,,,,,,11,,,,,,,
,64,,,,,6853,0,,115000,12,6,,,,,377,,,,,,,,,,,,,,,,,,,,,,,,,,,,,,,,,,,,,,11185,7689,,,,,,,,,,,,,,,,,,,,,,,,,,,,,,,,,,,,13,,,,,,,,11,,,,,,,
,65,,,,,7024,0,,117000,12,6,,,,,385,,,,,,,,,,,,,,,,,,,,,,,,,,,,,,,,,,,,,,11813,7875,,,,,,,,,,,,,,,,,,,,,,,,,,,,,,,,,,,,14,,,,,,,,11,,,,,,,
,66,,,,,7200,0,,119000,13,7,,,,,393,,,,,,,,,,,,,,,,,,,,,,,,,,,,,,,,,,,,,,12098,8065,,,,,,,,,,,,,,,,,,,,,,,,,,,,,,,,,,,,14,,,,,,,,12,,,,,,,
,67,,,,,7378,0,,121000,13,7,,,,,400,,,,,,,,,,,,,,,,,,,,,,,,,,,,,,,,,,,,,,12379,8253,,,,,,,,,,,,,,,,,,,,,,,,,,,,,,,,,,,,14,,,,,,,,12,,,,,,,
,68,,,,,7557,0,,123000,13,7,,,,,408,,,,,,,,,,,,,,,,,,,,,,,,,,,,,,,,,,,,,,12668,8445,,,,,,,,,,,,,,,,,,,,,,,,,,,,,,,,,,,,14,,,,,,,,12,,,,,,,
,69,,,,,7735,0,,125000,13,7,,,,,417,,,,,,,,,,,,,,,,,,,,,,,,,,,,,,,,,,,,,,12962,8642,,,,,,,,,,,,,,,,,,,,,,,,,,,,,,,,,,,,14,,,,,,,,12,,,,,,,
,70,,,,,7905,0,,130000,13,7,,,,,425,,,,,,,,,,,,,,,,,,,,,,,,,,,,,,,,,,,,,,13641,8826,,,,,,,,,,,,,,,,,,,,,,,,,,,,,,,,,,,,15,,,,,,,,12,,,,,,,
,71,,,,,8075,0,,135000,13,7,,,,,434,,,,,,,,,,,,,,,,,,,,,,,,,,,,,,,,,,,,,,13933,9016,,,,,,,,,,,,,,,,,,,,,,,,,,,,,,,,,,,,15,,,,,,,,13,,,,,,,
,72,,,,,8245,0,,140000,13,7,,,,,442,,,,,,,,,,,,,,,,,,,,,,,,,,,,,,,,,,,,,,14219,9200,,,,,,,,,,,,,,,,,,,,,,,,,,,,,,,,,,,,15,,,,,,,,13,,,,,,,
,73,,,,,8415,0,,145000,13,7,,,,,451,,,,,,,,,,,,,,,,,,,,,,,,,,,,,,,,,,,,,,14511,9390,,,,,,,,,,,,,,,,,,,,,,,,,,,,,,,,,,,,15,,,,,,,,13,,,,,,,
,74,,,,,8585,0,,150000,13,7,,,,,459,,,,,,,,,,,,,,,,,,,,,,,,,,,,,,,,,,,,,,14797,9574,,,,,,,,,,,,,,,,,,,,,,,,,,,,,,,,,,,,15,,,,,,,,13,,,,,,,
,75,,,,,8755,0,,155000,13,7,,,,,468,,,,,,,,,,,,,,,,,,,,,,,,,,,,,,,,,,,,,,15533,10207,,,,,,,,,,,,,,,,,,,,,,,,,,,,,,,,,,,,16,,,,,,,,13,,,,,,,
,76,,,,,8917,0,,160000,14,8,,,,,475,,,,,,,,,,,,,,,,,,,,,,,,,,,,,,,,,,,,,,15809,10389,,,,,,,,,,,,,,,,,,,,,,,,,,,,,,,,,,,,16,,,,,,,,14,,,,,,,
,77,,,,,9078,0,,165000,14,8,,,,,483,,,,,,,,,,,,,,,,,,,,,,,,,,,,,,,,,,,,,,16090,10574,,,,,,,,,,,,,,,,,,,,,,,,,,,,,,,,,,,,16,,,,,,,,14,,,,,,,
,78,,,,,9240,0,,170000,14,8,,,,,490,,,,,,,,,,,,,,,,,,,,,,,,,,,,,,,,,,,,,,16366,10755,,,,,,,,,,,,,,,,,,,,,,,,,,,,,,,,,,,,16,,,,,,,,14,,,,,,,
,79,,,,,9401,0,,175000,14,8,,,,,498,,,,,,,,,,,,,,,,,,,,,,,,,,,,,,,,,,,,,,16647,10940,,,,,,,,,,,,,,,,,,,,,,,,,,,,,,,,,,,,16,,,,,,,,14,,,,,,,
,80,,,,,9563,0,,180000,14,8,,,,,506,,,,,,,,,,,,,,,,,,,,,,,,,,,,,,,,,,,,,,17414,11126,,,,,,,,,,,,,,,,,,,,,,,,,,,,,,,,,,,,17,,,,,,,,14,,,,,,,
,81,,,,,9690,0,,185000,14,8,,,,,513,,,,,,,,,,,,,,,,,,,,,,,,,,,,,,,,,,,,,,17647,11275,,,,,,,,,,,,,,,,,,,,,,,,,,,,,,,,,,,,17,,,,,,,,15,,,,,,,
,82,,,,,9818,0,,190000,14,8,,,,,519,,,,,,,,,,,,,,,,,,,,,,,,,,,,,,,,,,,,,,17875,11420,,,,,,,,,,,,,,,,,,,,,,,,,,,,,,,,,,,,17,,,,,,,,15,,,,,,,
,83,,,,,9945,0,,195000,14,8,,,,,526,,,,,,,,,,,,,,,,,,,,,,,,,,,,,,,,,,,,,,18108,11569,,,,,,,,,,,,,,,,,,,,,,,,,,,,,,,,,,,,17,,,,,,,,15,,,,,,,
,84,,,,,10073,0,,200000,14,8,,,,,533,,,,,,,,,,,,,,,,,,,,,,,,,,,,,,,,,,,,,,18343,11719,,,,,,,,,,,,,,,,,,,,,,,,,,,,,,,,,,,,17,,,,,,,,15,,,,,,,
,85,,,,,10200,0,,215000,14,8,,,,,540,,,,,,,,,,,,,,,,,,,,,,,,,,,,,,,,,,,,,,19092,11868,,,,,,,,,,,,,,,,,,,,,,,,,,,,,,,,,,,,18,,,,,,,,15,,,,,,,
,86,,,,,10328,0,,225000,15,9,,,,,547,,,,,,,,,,,,,,,,,,,,,,,,,,,,,,,,,,,,,,19333,12018,,,,,,,,,,,,,,,,,,,,,,,,,,,,,,,,,,,,18,,,,,,,,15,,,,,,,
,87,,,,,10455,0,,235000,15,9,,,,,553,,,,,,,,,,,,,,,,,,,,,,,,,,,,,,,,,,,,,,19566,12162,,,,,,,,,,,,,,,,,,,,,,,,,,,,,,,,,,,,18,,,,,,,,15,,,,,,,
,88,,,,,10583,0,,245000,15,9,,,,,560,,,,,,,,,,,,,,,,,,,,,,,,,,,,,,,,,,,,,,19807,12312,,,,,,,,,,,,,,,,,,,,,,,,,,,,,,,,,,,,18,,,,,,,,15,,,,,,,
,89,,,,,10710,0,,255000,15,9,,,,,567,,,,,,,,,,,,,,,,,,,,,,,,,,,,,,,,,,,,,,20047,12461,,,,,,,,,,,,,,,,,,,,,,,,,,,,,,,,,,,,18,,,,,,,,15,,,,,,,
,90,,,,,10838,0,,280000,15,9,,,,,574,,,,,,,,,,,,,,,,,,,,,,,,,,,,,,,,,,,,,,20836,12611,,,,,,,,,,,,,,,,,,,,,,,,,,,,,,,,,,,,19,,,,,,,,15,,,,,,,
,91,,,,,10965,0,,290000,16,10,,,,,581,,,,,,,,,,,,,,,,,,,,,,,,,,,,,,,,,,,,,,21082,12760,,,,,,,,,,,,,,,,,,,,,,,,,,,,,,,,,,,,19,,,,,,,,15,,,,,,,
,92,,,,,11093,0,,300000,16,10,,,,,587,,,,,,,,,,,,,,,,,,,,,,,,,,,,,,,,,,,,,,21323,12906,,,,,,,,,,,,,,,,,,,,,,,,,,,,,,,,,,,,19,,,,,,,,15,,,,,,,
,93,,,,,11220,0,,310000,16,10,,,,,594,,,,,,,,,,,,,,,,,,,,,,,,,,,,,,,,,,,,,,21569,13055,,,,,,,,,,,,,,,,,,,,,,,,,,,,,,,,,,,,19,,,,,,,,15,,,,,,,
,94,,,,,11348,0,,320000,16,10,,,,,601,,,,,,,,,,,,,,,,,,,,,,,,,,,,,,,,,,,,,,21817,13205,,,,,,,,,,,,,,,,,,,,,,,,,,,,,,,,,,,,19,,,,,,,,15,,,,,,,
,95,,,,,11475,0,,340000,16,10,,,,,608,,,,,,,,,,,,,,,,,,,,,,,,,,,,,,,,,,,,,,22643,13354,,,,,,,,,,,,,,,,,,,,,,,,,,,,,,,,,,,,20,,,,,,,,15,,,,,,,
,96,,,,,11600,0,,350000,17,11,,,,,615,,,,,,,,,,,,,,,,,,,,,,,,,,,,,,,,,,,,,,22900,13500,,,,,,,,,,,,,,,,,,,,,,,,,,,,,,,,,,,,20,,,,,,,,15,,,,,,,
,97,,,,,11725,0,,360000,17,11,,,,,622,,,,,,,,,,,,,,,,,,,,,,,,,,,,,,,,,,,,,,23150,13650,,,,,,,,,,,,,,,,,,,,,,,,,,,,,,,,,,,,20,,,,,,,,15,,,,,,,
,98,,,,,11850,0,,370000,17,11,,,,,629,,,,,,,,,,,,,,,,,,,,,,,,,,,,,,,,,,,,,,23400,13800,,,,,,,,,,,,,,,,,,,,,,,,,,,,,,,,,,,,20,,,,,,,,15,,,,,,,
,99,,,,,11975,0,,380000,17,11,,,,,636,,,,,,,,,,,,,,,,,,,,,,,,,,,,,,,,,,,,,,23650,13950,,,,,,,,,,,,,,,,,,,,,,,,,,,,,,,,,,,,20,,,,,,,,15,,,,,,,
,100,,,,,12100,0,,400000,17,11,,,,,643,,,,,,,,,,,,,,,,,,,,,,,,,,,,,,,,,,,,,,24300,14100,,,,,,,,,,,,,,,,,,,,,,,,,,,,,,,,,,,,21,,,,,,,,15,,,,,,,
,101,,,,,12225,0,,410000,18,12,,,,,650,,,,,,,,,,,,,,,,,,,,,,,,,,,,,,,,,,,,,,24450,14250,,,,,,,,,,,,,,,,,,,,,,,,,,,,,,,,,,,,21,,,,,,,,15,,,,,,,
,102,,,,,12350,0,,420000,18,12,,,,,657,,,,,,,,,,,,,,,,,,,,,,,,,,,,,,,,,,,,,,24600,14400,,,,,,,,,,,,,,,,,,,,,,,,,,,,,,,,,,,,21,,,,,,,,15,,,,,,,
,103,,,,,12475,0,,430000,18,12,,,,,664,,,,,,,,,,,,,,,,,,,,,,,,,,,,,,,,,,,,,,24750,14550,,,,,,,,,,,,,,,,,,,,,,,,,,,,,,,,,,,,21,,,,,,,,15,,,,,,,
,104,,,,,12600,0,,450000,18,12,,,,,671,,,,,,,,,,,,,,,,,,,,,,,,,,,,,,,,,,,,,,24900,14700,,,,,,,,,,,,,,,,,,,,,,,,,,,,,,,,,,,,21,,,,,,,,15,,,,,,,
,105,,,,,12725,,,,18,12,,,,,678,,,,,,,,,,,,,,,,,,,,,,,,,,,,,,,,,,,,,,25300,14850,,,,,,,,,,,,,,,,,,,,,,,,,,,,,,,,,,,,22,,,,,,,,15,,,,,,,
Archer Queen,1,TID_ARCHER_QUEEN,TID_HERO_INSTRUCTIONS_QUEEN,,300,580,0,DarkElixir,5000,8,2,500,,750,,136,1,,sc/ui.sc,icon_hero_archerQueen,unit_archerQueen_big,sc/info_archer.sc,icon_hero_archerQueen_profile,sc/ui.sc,hero_art_aq,sc/ui.sc,ArcherQueen arrow lvl1,,Hero Deploy,,,Archer Queen Hit,FALSE,TRUE,TRUE,FALSE,,,,,1000,25,25,Elixir,,Archer Queen Scream,,,300,Archer,TID_HERO_ABILITY_QUEEN_DESC,icon_hero_archerQueen_ability1,unit_archerQueen_ability1_big,2520,1411,1300,,,,,,,,,,,,,,,,,,,,,,,2100,500,,-50,TRUE,,,,ArcherQueenDefault,,F,ArcherQueenAbilityHeal,1,,TRUE,,HeroQueen,,2,Archer Puppet; Invisibility Vial;,1,sc/buildings.sc,AQ_rally_point,AQ_rally_point_base,aq,,ForceMoveAQ,TRUE
,2,,,,,592,0,,5500,8,2,,,,,139,,,,,,,,,,,ArcherQueen arrow lvl1,,,,,,,,,,,,,,,,,,,,,,,,,,,2574,1441,,,,,,,,,,,,,,,,,,,,,,,,,,,,,,,,,,,,1,,,,,,,,1,,,,,,,
,3,,,,,604,0,,6000,8,2,,,,,143,,,,,,,,,,,ArcherQueen arrow lvl1,,,,,,,,,,,,,,,,,,,,,,,,,,,2638,1477,,,,,,,,,,,,,,,,,,,,,,,,,,,,,,,,,,,,1,,,,,,,,1,,,,,,,
,4,,,,,617,0,,6500,8,2,,,,,146,,,,,,,,,,,ArcherQueen arrow lvl1,,,,,,,,,,,,,,,,,,,,,,,,,,,2694,1509,,,,,,,,,,,,,,,,,,,,,,,,,,,,,,,,,,,,1,,,,,,,,1,,,,,,,
,5,,,,,630,0,,7000,8,2,,,,,150,,,,,,,,,,,ArcherQueen arrow lvl1,,,,,,,,,,,,,,,,,,,,,,,,,,,2815,1601,,,,,,,,,,,,,,,,,,,,,,,,,,,,,,,,,,,,2,,,,,,,,1,,,,,,,
,6,,,,,643,0,,7500,8,2,,,,,154,,,,,,,,,,,ArcherQueen arrow lvl1,,,,,,,,,,,,,,,,,,,,,,,,,,,2883,1639,,,,,,,,,,,,,,,,,,,,,,,,,,,,,,,,,,,,2,,,,,,,,1,,,,,,,
,7,,,,,657,0,,8000,8,2,,,,,157,,,,,,,,,,,ArcherQueen arrow lvl1,,,,,,,,,,,,,,,,,,,,,,,,,,,2942,1673,,,,,,,,,,,,,,,,,,,,,,,,,,,,,,,,,,,,2,,,,,,,,1,,,,,,,
,8,,,,,670,0,,8500,8,2,,,,,162,,,,,,,,,,,ArcherQueen arrow lvl1,,,,,,,,,,,,,,,,,,,,,,,,,,,3019,1717,,,,,,,,,,,,,,,,,,,,,,,,,,,,,,,,,,,,2,,,,,,,,1,,,,,,,
,9,,,,,685,0,,10000,8,2,,,,,165,,,,,,,,,,,ArcherQueen arrow lvl1,,,,,,,,,,,,,,,,,,,,,,,,,,,3080,1752,,,,,,,,,,,,,,,,,,,,,,,,,,,,,,,,,,,,2,,,,,,,,1,,,,,,,
,10,,,,,699,0,,10500,8,2,,,,,169,,,,,,,,,,,ArcherQueen arrow lvl1,,,,,,,,,,,,,,,,,,,,,,,,,,,3212,1853,,,,,,,,,,,,,,,,,,,,,,,,,,,,,,,,,,,,3,,,,,,,,1,,,,,,,
,11,,,,,714,0,,11000,9,3,,,,,173,,,,,,,,,,,ArcherQueen arrow lvl1,,,,,,,,,,,,,,,,,,,,,,,,,,,3284,1895,,,,,,,,,,,,,,,,,,,,,,,,,,,,,,,,,,,,3,,,,,,,,2,,,,,,,
,12,,,,,729,0,,11500,9,3,,,,,178,,,,,,,,,,,ArcherQueen arrow lvl1,,,,,,,,,,,,,,,,,,,,,,,,,,,3368,1943,,,,,,,,,,,,,,,,,,,,,,,,,,,,,,,,,,,,3,,,,,,,,2,,,,,,,
,13,,,,,744,0,,12000,9,3,,,,,183,,,,,,,,,,,ArcherQueen arrow lvl1,,,,,,,,,,,,,,,,,,,,,,,,,,,3451,1991,,,,,,,,,,,,,,,,,,,,,,,,,,,,,,,,,,,,3,,,,,,,,2,,,,,,,
,14,,,,,759,0,,12500,9,3,,,,,187,,,,,,,,,,,ArcherQueen arrow lvl1,,,,,,,,,,,,,,,,,,,,,,,,,,,3524,2033,,,,,,,,,,,,,,,,,,,,,,,,,,,,,,,,,,,,3,,,,,,,,2,,,,,,,
,15,,,,,775,0,,13000,9,3,,,,,192,,,,,,,,,,,ArcherQueen arrow lvl1,,,,,,,,,,,,,,,,,,,,,,,,,,,3678,2151,,,,,,,,,,,,,,,,,,,,,,,,,,,,,,,,,,,,4,,,,,,,,2,,,,,,,
,16,,,,,792,0,,13500,9,3,,,,,196,,,,,,,,,,,ArcherQueen arrow lvl1,,,,,,,,,,,,,,,,,,,,,,,,,,,3757,2197,,,,,,,,,,,,,,,,,,,,,,,,,,,,,,,,,,,,4,,,,,,,,2,,,,,,,
,17,,,,,808,0,,14000,9,3,,,,,201,,,,,,,,,,,ArcherQueen arrow lvl1,,,,,,,,,,,,,,,,,,,,,,,,,,,3844,2248,,,,,,,,,,,,,,,,,,,,,,,,,,,,,,,,,,,,4,,,,,,,,2,,,,,,,
,18,,,,,826,0,,14500,9,3,,,,,207,,,,,,,,,,,ArcherQueen arrow lvl1,,,,,,,,,,,,,,,,,,,,,,,,,,,3945,2308,,,,,,,,,,,,,,,,,,,,,,,,,,,,,,,,,,,,4,,,,,,,,2,,,,,,,
,19,,,,,842,0,,15000,9,3,,,,,212,,,,,,,,,,,ArcherQueen arrow lvl1,,,,,,,,,,,,,,,,,,,,,,,,,,,4032,2358,,,,,,,,,,,,,,,,,,,,,,,,,,,,,,,,,,,,4,,,,,,,,2,,,,,,,
,20,,,,,861,0,,17000,9,3,,,,,217,,,,,,,,,,,ArcherQueen arrow lvl2,,,,,,,,,,,,,,,,,,,,,,,,,,,4203,2491,,,,,,,,,,,,,,,,,,,,,,,,,,,,,,,,,,,,5,,,,,,,,2,,,,,,,
,21,,,,,878,0,,19000,9,3,,,,,223,,,,,,,,,,,ArcherQueen arrow lvl2,,,,,,,,,,,,,,,,,,,,,,,,,,,4305,2551,,,,,,,,,,,,,,,,,,,,,,,,,,,,,,,,,,,,5,,,,,,,,3,,,,,,,
,22,,,,,897,0,,21000,9,3,,,,,228,,,,,,,,,,,ArcherQueen arrow lvl2,,,,,,,,,,,,,,,,,,,,,,,,,,,4400,2607,,,,,,,,,,,,,,,,,,,,,,,,,,,,,,,,,,,,5,,,,,,,,3,,,,,,,
,23,,,,,916,0,,23000,9,3,,,,,234,,,,,,,,,,,ArcherQueen arrow lvl2,,,,,,,,,,,,,,,,,,,,,,,,,,,4506,2670,,,,,,,,,,,,,,,,,,,,,,,,,,,,,,,,,,,,5,,,,,,,,3,,,,,,,
,24,,,,,935,0,,25000,9,3,,,,,240,,,,,,,,,,,ArcherQueen arrow lvl2,,,,,,,,,,,,,,,,,,,,,,,,,,,4612,2733,,,,,,,,,,,,,,,,,,,,,,,,,,,,,,,,,,,,5,,,,,,,,3,,,,,,,
,25,,,,,954,0,,27000,9,3,,,,,246,,,,,,,,,,,ArcherQueen arrow lvl2,,,,,,,,,,,,,,,,,,,,,,,,,,,4805,2883,,,,,,,,,,,,,,,,,,,,,,,,,,,,,,,,,,,,6,,,,,,,,3,,,,,,,
,26,,,,,974,0,,29000,9,3,,,,,252,,,,,,,,,,,ArcherQueen arrow lvl2,,,,,,,,,,,,,,,,,,,,,,,,,,,4915,2949,,,,,,,,,,,,,,,,,,,,,,,,,,,,,,,,,,,,6,,,,,,,,4,,,,,,,
,27,,,,,995,0,,31000,9,3,,,,,258,,,,,,,,,,,ArcherQueen arrow lvl2,,,,,,,,,,,,,,,,,,,,,,,,,,,5027,3016,,,,,,,,,,,,,,,,,,,,,,,,,,,,,,,,,,,,6,,,,,,,,4,,,,,,,
,28,,,,,1016,0,,33000,9,3,,,,,264,,,,,,,,,,,ArcherQueen arrow lvl2,,,,,,,,,,,,,,,,,,,,,,,,,,,5139,3084,,,,,,,,,,,,,,,,,,,,,,,,,,,,,,,,,,,,6,,,,,,,,4,,,,,,,
,29,,,,,1038,0,,35000,9,3,,,,,271,,,,,,,,,,,ArcherQueen arrow lvl2,,,,,,,,,,,,,,,,,,,,,,,,,,,5265,3159,,,,,,,,,,,,,,,,,,,,,,,,,,,,,,,,,,,,6,,,,,,,,4,,,,,,,
,30,,,,,1059,0,,37000,9,3,,,,,278,,,,,,,,,,,ArcherQueen arrow lvl2,,,,,,,,,,,,,,,,,,,,,,,,,,,5486,3331,,,,,,,,,,,,,,,,,,,,,,,,,,,,,,,,,,,,7,,,,,,,,4,,,,,,,
,31,,,,,1082,0,,39000,10,4,,,,,285,,,,,,,,,,,ArcherQueen arrow lvl2,,,,,,,,,,,,,,,,,,,,,,,,,,,5616,3410,,,,,,,,,,,,,,,,,,,,,,,,,,,,,,,,,,,,7,,,,,,,,5,,,,,,,
,32,,,,,1104,0,,41000,10,4,,,,,292,,,,,,,,,,,ArcherQueen arrow lvl2,,,,,,,,,,,,,,,,,,,,,,,,,,,5743,3487,,,,,,,,,,,,,,,,,,,,,,,,,,,,,,,,,,,,7,,,,,,,,5,,,,,,,
,33,,,,,1127,0,,43000,10,4,,,,,299,,,,,,,,,,,ArcherQueen arrow lvl2,,,,,,,,,,,,,,,,,,,,,,,,,,,5873,3566,,,,,,,,,,,,,,,,,,,,,,,,,,,,,,,,,,,,7,,,,,,,,5,,,,,,,
,34,,,,,1151,0,,45000,10,4,,,,,307,,,,,,,,,,,ArcherQueen arrow lvl2,,,,,,,,,,,,,,,,,,,,,,,,,,,6017,3653,,,,,,,,,,,,,,,,,,,,,,,,,,,,,,,,,,,,7,,,,,,,,5,,,,,,,
,35,,,,,1175,0,,47000,10,4,,,,,315,,,,,,,,,,,ArcherQueen arrow lvl2,,,,,,,,,,,,,,,,,,,,,,,,,,,6270,3850,,,,,,,,,,,,,,,,,,,,,,,,,,,,,,,,,,,,8,,,,,,,,5,,,,,,,
,36,,,,,1200,0,,49000,10,4,,,,,322,,,,,,,,,,,ArcherQueen arrow lvl2,,,,,,,,,,,,,,,,,,,,,,,,,,,6407,3934,,,,,,,,,,,,,,,,,,,,,,,,,,,,,,,,,,,,8,,,,,,,,6,,,,,,,
,37,,,,,1226,0,,51000,10,4,,,,,331,,,,,,,,,,,ArcherQueen arrow lvl2,,,,,,,,,,,,,,,,,,,,,,,,,,,6569,4033,,,,,,,,,,,,,,,,,,,,,,,,,,,,,,,,,,,,8,,,,,,,,6,,,,,,,
,38,,,,,1251,0,,53000,10,4,,,,,338,,,,,,,,,,,ArcherQueen arrow lvl2,,,,,,,,,,,,,,,,,,,,,,,,,,,6705,4117,,,,,,,,,,,,,,,,,,,,,,,,,,,,,,,,,,,,8,,,,,,,,6,,,,,,,
,39,,,,,1278,0,,55000,10,4,,,,,347,,,,,,,,,,,ArcherQueen arrow lvl2,,,,,,,,,,,,,,,,,,,,,,,,,,,6870,4218,,,,,,,,,,,,,,,,,,,,,,,,,,,,,,,,,,,,8,,,,,,,,6,,,,,,,
,40,,,,,1304,0,,58000,10,4,,,,,356,,,,,,,,,,,ArcherQueen arrow lvl2,,,,,,,,,,,,,,,,,,,,,,,,,,,7155,4441,,,,,,,,,,,,,,,,,,,,,,,,,,,,,,,,,,,,9,,,,,,,,6,,,,,,,
,41,,,,,1331,0,,61000,11,5,,,,,365,,,,,,,,,,,ArcherQueen arrow lvl3,,,,,,,,,,,,,,,,,,,,,,,,,,,7322,4545,,,,,,,,,,,,,,,,,,,,,,,,,,,,,,,,,,,,9,,,,,,,,7,,,,,,,
,42,,,,,1359,0,,64000,11,5,,,,,374,,,,,,,,,,,ArcherQueen arrow lvl3,,,,,,,,,,,,,,,,,,,,,,,,,,,7491,4650,,,,,,,,,,,,,,,,,,,,,,,,,,,,,,,,,,,,9,,,,,,,,7,,,,,,,
,43,,,,,1388,0,,67000,11,5,,,,,383,,,,,,,,,,,ArcherQueen arrow lvl3,,,,,,,,,,,,,,,,,,,,,,,,,,,7663,4756,,,,,,,,,,,,,,,,,,,,,,,,,,,,,,,,,,,,9,,,,,,,,7,,,,,,,
,44,,,,,1417,0,,70000,11,5,,,,,393,,,,,,,,,,,ArcherQueen arrow lvl3,,,,,,,,,,,,,,,,,,,,,,,,,,,7846,4870,,,,,,,,,,,,,,,,,,,,,,,,,,,,,,,,,,,,9,,,,,,,,7,,,,,,,
,45,,,,,1447,0,,73000,11,5,,,,,403,,,,,,,,,,,ArcherQueen arrow lvl3,,,,,,,,,,,,,,,,,,,,,,,,,,,8170,5124,,,,,,,,,,,,,,,,,,,,,,,,,,,,,,,,,,,,10,,,,,,,,7,,,,,,,
,46,,,,,1478,0,,76000,11,5,,,,,413,,,,,,,,,,,ArcherQueen arrow lvl3,,,,,,,,,,,,,,,,,,,,,,,,,,,8361,5244,,,,,,,,,,,,,,,,,,,,,,,,,,,,,,,,,,,,10,,,,,,,,8,,,,,,,
,47,,,,,1508,0,,79000,11,5,,,,,423,,,,,,,,,,,ArcherQueen arrow lvl3,,,,,,,,,,,,,,,,,,,,,,,,,,,8550,5362,,,,,,,,,,,,,,,,,,,,,,,,,,,,,,,,,,,,10,,,,,,,,8,,,,,,,
,48,,,,,1540,0,,82000,11,5,,,,,434,,,,,,,,,,,ArcherQueen arrow lvl3,,,,,,,,,,,,,,,,,,,,,,,,,,,8756,5491,,,,,,,,,,,,,,,,,,,,,,,,,,,,,,,,,,,,10,,,,,,,,8,,,,,,,
,49,,,,,1572,0,,85000,11,5,,,,,445,,,,,,,,,,,ArcherQueen arrow lvl3,,,,,,,,,,,,,,,,,,,,,,,,,,,8961,5620,,,,,,,,,,,,,,,,,,,,,,,,,,,,,,,,,,,,10,,,,,,,,8,,,,,,,
,50,,,,,1606,0,,86000,11,5,,,,,456,,,,,,,,,,,ArcherQueen arrow lvl3,,,,,,,,,,,,,,,,,,,,,,,,,,,9326,5907,,,,,,,,,,,,,,,,,,,,,,,,,,,,,,,,,,,,11,,,,,,,,8,,,,,,,
,51,,,,,1646,0,,87000,12,6,,,,,465,,,,,,,,,,,ArcherQueen arrow lvl3,,,,,,,,,,,,,,,,,,,,,,,,,,,9530,6036,,,,,,,,,,,,,,,,,,,,,,,,,,,,,,,,,,,,11,,,,,,,,9,,,,,,,
,52,,,,,1688,0,,88000,12,6,,,,,474,,,,,,,,,,,ArcherQueen arrow lvl3,,,,,,,,,,,,,,,,,,,,,,,,,,,9739,6168,,,,,,,,,,,,,,,,,,,,,,,,,,,,,,,,,,,,11,,,,,,,,9,,,,,,,
,53,,,,,1730,0,,89000,12,6,,,,,485,,,,,,,,,,,ArcherQueen arrow lvl3,,,,,,,,,,,,,,,,,,,,,,,,,,,9972,6316,,,,,,,,,,,,,,,,,,,,,,,,,,,,,,,,,,,,11,,,,,,,,9,,,,,,,
,54,,,,,1774,0,,90000,12,6,,,,,495,,,,,,,,,,,ArcherQueen arrow lvl3,,,,,,,,,,,,,,,,,,,,,,,,,,,10198,6458,,,,,,,,,,,,,,,,,,,,,,,,,,,,,,,,,,,,11,,,,,,,,9,,,,,,,
,55,,,,,1819,0,,93000,12,6,,,,,505,,,,,,,,,,,ArcherQueen arrow lvl3,,,,,,,,,,,,,,,,,,,,,,,,,,,10773,6777,,,,,,,,,,,,,,,,,,,,,,,,,,,,,,,,,,,,12,,,,,,,,9,,,,,,,
,56,,,,,1865,0,,96000,12,6,,,,,515,,,,,,,,,,,ArcherQueen arrow lvl3,,,,,,,,,,,,,,,,,,,,,,,,,,,11011,6926,,,,,,,,,,,,,,,,,,,,,,,,,,,,,,,,,,,,12,,,,,,,,10,,,,,,,
,57,,,,,1912,0,,99000,12,6,,,,,526,,,,,,,,,,,ArcherQueen arrow lvl3,,,,,,,,,,,,,,,,,,,,,,,,,,,11264,7086,,,,,,,,,,,,,,,,,,,,,,,,,,,,,,,,,,,,12,,,,,,,,10,,,,,,,
,58,,,,,1960,0,,102000,12,6,,,,,537,,,,,,,,,,,ArcherQueen arrow lvl3,,,,,,,,,,,,,,,,,,,,,,,,,,,11520,7246,,,,,,,,,,,,,,,,,,,,,,,,,,,,,,,,,,,,12,,,,,,,,10,,,,,,,
,59,,,,,2010,0,,105000,12,6,,,,,548,,,,,,,,,,,ArcherQueen arrow lvl3,,,,,,,,,,,,,,,,,,,,,,,,,,,11780,7410,,,,,,,,,,,,,,,,,,,,,,,,,,,,,,,,,,,,12,,,,,,,,10,,,,,,,
,60,,,,,2060,0,,107000,12,6,,,,,559,,,,,,,,,,,ArcherQueen arrow lvl3,,,,,,,,,,,,,,,,,,,,,,,,,,,12429,7768,,,,,,,,,,,,,,,,,,,,,,,,,,,,,,,,,,,,13,,,,,,,,10,,,,,,,
,61,,,,,2111,0,,109000,12,6,,,,,570,,,,,,,,,,,ArcherQueen arrow lvl3,,,,,,,,,,,,,,,,,,,,,,,,,,,12700,7938,,,,,,,,,,,,,,,,,,,,,,,,,,,,,,,,,,,,13,,,,,,,,11,,,,,,,
,62,,,,,2164,0,,111000,12,6,,,,,581,,,,,,,,,,,ArcherQueen arrow lvl3,,,,,,,,,,,,,,,,,,,,,,,,,,,12977,8110,,,,,,,,,,,,,,,,,,,,,,,,,,,,,,,,,,,,13,,,,,,,,11,,,,,,,
,63,,,,,2218,0,,113000,12,6,,,,,593,,,,,,,,,,,ArcherQueen arrow lvl3,,,,,,,,,,,,,,,,,,,,,,,,,,,13268,8293,,,,,,,,,,,,,,,,,,,,,,,,,,,,,,,,,,,,13,,,,,,,,11,,,,,,,
,64,,,,,2274,0,,115000,12,6,,,,,605,,,,,,,,,,,ArcherQueen arrow lvl3,,,,,,,,,,,,,,,,,,,,,,,,,,,13565,8478,,,,,,,,,,,,,,,,,,,,,,,,,,,,,,,,,,,,13,,,,,,,,11,,,,,,,
,65,,,,,2330,0,,117000,12,6,,,,,617,,,,,,,,,,,ArcherQueen arrow lvl3,,,,,,,,,,,,,,,,,,,,,,,,,,,14296,8881,,,,,,,,,,,,,,,,,,,,,,,,,,,,,,,,,,,,14,,,,,,,,11,,,,,,,
,66,,,,,2384,0,,119000,13,7,,,,,628,,,,,,,,,,,ArcherQueen arrow lvl3,,,,,,,,,,,,,,,,,,,,,,,,,,,14583,9059,,,,,,,,,,,,,,,,,,,,,,,,,,,,,,,,,,,,14,,,,,,,,12,,,,,,,
,67,,,,,2432,0,,121000,13,7,,,,,638,,,,,,,,,,,ArcherQueen arrow lvl3,,,,,,,,,,,,,,,,,,,,,,,,,,,14842,9220,,,,,,,,,,,,,,,,,,,,,,,,,,,,,,,,,,,,14,,,,,,,,12,,,,,,,
,68,,,,,2476,0,,123000,13,7,,,,,648,,,,,,,,,,,ArcherQueen arrow lvl3,,,,,,,,,,,,,,,,,,,,,,,,,,,15090,9374,,,,,,,,,,,,,,,,,,,,,,,,,,,,,,,,,,,,14,,,,,,,,12,,,,,,,
,69,,,,,2516,0,,125000,13,7,,,,,656,,,,,,,,,,,ArcherQueen arrow lvl3,,,,,,,,,,,,,,,,,,,,,,,,,,,15301,9505,,,,,,,,,,,,,,,,,,,,,,,,,,,,,,,,,,,,14,,,,,,,,12,,,,,,,
,70,,,,,2552,0,,130000,13,7,,,,,664,,,,,,,,,,,ArcherQueen arrow lvl3,,,,,,,,,,,,,,,,,,,,,,,,,,,15972,9865,,,,,,,,,,,,,,,,,,,,,,,,,,,,,,,,,,,,15,,,,,,,,12,,,,,,,
,71,,,,,2584,0,,135000,13,7,,,,,671,,,,,,,,,,,ArcherQueen arrow lvl3,,,,,,,,,,,,,,,,,,,,,,,,,,,16154,9978,,,,,,,,,,,,,,,,,,,,,,,,,,,,,,,,,,,,15,,,,,,,,13,,,,,,,
,72,,,,,2616,0,,140000,13,7,,,,,677,,,,,,,,,,,ArcherQueen arrow lvl3,,,,,,,,,,,,,,,,,,,,,,,,,,,16323,10082,,,,,,,,,,,,,,,,,,,,,,,,,,,,,,,,,,,,15,,,,,,,,13,,,,,,,
,73,,,,,2648,0,,145000,13,7,,,,,682,,,,,,,,,,,ArcherQueen arrow lvl3,,,,,,,,,,,,,,,,,,,,,,,,,,,16478,10177,,,,,,,,,,,,,,,,,,,,,,,,,,,,,,,,,,,,15,,,,,,,,13,,,,,,,
,74,,,,,2680,0,,150000,13,7,,,,,687,,,,,,,,,,,ArcherQueen arrow lvl3,,,,,,,,,,,,,,,,,,,,,,,,,,,16633,10273,,,,,,,,,,,,,,,,,,,,,,,,,,,,,,,,,,,,15,,,,,,,,13,,,,,,,
,75,,,,,2712,0,,155000,13,7,,,,,692,,,,,,,,,,,ArcherQueen arrow lvl3,,,,,,,,,,,,,,,,,,,,,,,,,,,17282,10616,,,,,,,,,,,,,,,,,,,,,,,,,,,,,,,,,,,,16,,,,,,,,13,,,,,,,
,76,,,,,2740,0,,160000,14,8,,,,,697,,,,,,,,,,,ArcherQueen arrow lvl3,,,,,,,,,,,,,,,,,,,,,,,,,,,17430,10707,,,,,,,,,,,,,,,,,,,,,,,,,,,,,,,,,,,,16,,,,,,,,14,,,,,,,
,77,,,,,2768,0,,165000,14,8,,,,,701,,,,,,,,,,,ArcherQueen arrow lvl3,,,,,,,,,,,,,,,,,,,,,,,,,,,17564,10790,,,,,,,,,,,,,,,,,,,,,,,,,,,,,,,,,,,,16,,,,,,,,14,,,,,,,
,78,,,,,2796,0,,170000,14,8,,,,,706,,,,,,,,,,,ArcherQueen arrow lvl3,,,,,,,,,,,,,,,,,,,,,,,,,,,17713,10881,,,,,,,,,,,,,,,,,,,,,,,,,,,,,,,,,,,,16,,,,,,,,14,,,,,,,
,79,,,,,2824,0,,175000,14,8,,,,,710,,,,,,,,,,,ArcherQueen arrow lvl3,,,,,,,,,,,,,,,,,,,,,,,,,,,17847,10963,,,,,,,,,,,,,,,,,,,,,,,,,,,,,,,,,,,,16,,,,,,,,14,,,,,,,
,80,,,,,2852,0,,180000,14,8,,,,,714,,,,,,,,,,,ArcherQueen arrow lvl3,,,,,,,,,,,,,,,,,,,,,,,,,,,18495,11303,,,,,,,,,,,,,,,,,,,,,,,,,,,,,,,,,,,,17,,,,,,,,14,,,,,,,
,81,,,,,2880,0,,185000,14,8,,,,,717,,,,,,,,,,,ArcherQueen arrow lvl3,,,,,,,,,,,,,,,,,,,,,,,,,,,18619,11378,,,,,,,,,,,,,,,,,,,,,,,,,,,,,,,,,,,,17,,,,,,,,15,,,,,,,
,82,,,,,2904,0,,190000,14,8,,,,,721,,,,,,,,,,,ArcherQueen arrow lvl3,,,,,,,,,,,,,,,,,,,,,,,,,,,18746,11456,,,,,,,,,,,,,,,,,,,,,,,,,,,,,,,,,,,,17,,,,,,,,15,,,,,,,
,83,,,,,2928,0,,195000,14,8,,,,,724,,,,,,,,,,,ArcherQueen arrow lvl3,,,,,,,,,,,,,,,,,,,,,,,,,,,18858,11524,,,,,,,,,,,,,,,,,,,,,,,,,,,,,,,,,,,,17,,,,,,,,15,,,,,,,
,84,,,,,2952,0,,200000,14,8,,,,,728,,,,,,,,,,,ArcherQueen arrow lvl3,,,,,,,,,,,,,,,,,,,,,,,,,,,18985,11602,,,,,,,,,,,,,,,,,,,,,,,,,,,,,,,,,,,,17,,,,,,,,15,,,,,,,
,85,,,,,2976,0,,215000,14,8,,,,,731,,,,,,,,,,,ArcherQueen arrow lvl3,,,,,,,,,,,,,,,,,,,,,,,,,,,19628,11936,,,,,,,,,,,,,,,,,,,,,,,,,,,,,,,,,,,,18,,,,,,,,15,,,,,,,
,86,,,,,3000,0,,225000,15,9,,,,,734,,,,,,,,,,,ArcherQueen arrow lvl3,,,,,,,,,,,,,,,,,,,,,,,,,,,19743,12006,,,,,,,,,,,,,,,,,,,,,,,,,,,,,,,,,,,,18,,,,,,,,15,,,,,,,
,87,,,,,3024,0,,235000,15,9,,,,,738,,,,,,,,,,,ArcherQueen arrow lvl3,,,,,,,,,,,,,,,,,,,,,,,,,,,19873,12085,,,,,,,,,,,,,,,,,,,,,,,,,,,,,,,,,,,,18,,,,,,,,15,,,,,,,
,88,,,,,3048,0,,245000,15,9,,,,,741,,,,,,,,,,,ArcherQueen arrow lvl3,,,,,,,,,,,,,,,,,,,,,,,,,,,19989,12155,,,,,,,,,,,,,,,,,,,,,,,,,,,,,,,,,,,,18,,,,,,,,15,,,,,,,
,89,,,,,3072,0,,255000,15,9,,,,,745,,,,,,,,,,,ArcherQueen arrow lvl3,,,,,,,,,,,,,,,,,,,,,,,,,,,20119,12235,,,,,,,,,,,,,,,,,,,,,,,,,,,,,,,,,,,,18,,,,,,,,15,,,,,,,
,90,,,,,3096,0,,280000,15,9,,,,,748,,,,,,,,,,,ArcherQueen arrow lvl3,,,,,,,,,,,,,,,,,,,,,,,,,,,20781,12578,,,,,,,,,,,,,,,,,,,,,,,,,,,,,,,,,,,,19,,,,,,,,15,,,,,,,
,91,,,,,3120,0,,290000,16,10,,,,,751,,,,,,,,,,,ArcherQueen arrow lvl3,,,,,,,,,,,,,,,,,,,,,,,,,,,20900,12650,,,,,,,,,,,,,,,,,,,,,,,,,,,,,,,,,,,,19,,,,,,,,15,,,,,,,
,92,,,,,3144,0,,300000,16,10,,,,,755,,,,,,,,,,,ArcherQueen arrow lvl3,,,,,,,,,,,,,,,,,,,,,,,,,,,21034,12731,,,,,,,,,,,,,,,,,,,,,,,,,,,,,,,,,,,,19,,,,,,,,15,,,,,,,
,93,,,,,3168,0,,310000,16,10,,,,,758,,,,,,,,,,,ArcherQueen arrow lvl3,,,,,,,,,,,,,,,,,,,,,,,,,,,21152,12803,,,,,,,,,,,,,,,,,,,,,,,,,,,,,,,,,,,,19,,,,,,,,15,,,,,,,
,94,,,,,3192,0,,320000,16,10,,,,,762,,,,,,,,,,,ArcherQueen arrow lvl3,,,,,,,,,,,,,,,,,,,,,,,,,,,21286,12884,,,,,,,,,,,,,,,,,,,,,,,,,,,,,,,,,,,,19,,,,,,,,15,,,,,,,
,95,,,,,3216,0,,340000,16,10,,,,,765,,,,,,,,,,,ArcherQueen arrow lvl3,,,,,,,,,,,,,,,,,,,,,,,,,,,21968,13237,,,,,,,,,,,,,,,,,,,,,,,,,,,,,,,,,,,,20,,,,,,,,15,,,,,,,
,96,,,,,3240,0,,350000,17,11,,,,,768,,,,,,,,,,,ArcherQueen arrow lvl3,,,,,,,,,,,,,,,,,,,,,,,,,,,22100,13300,,,,,,,,,,,,,,,,,,,,,,,,,,,,,,,,,,,,20,,,,,,,,15,,,,,,,
,97,,,,,3264,0,,360000,17,11,,,,,771,,,,,,,,,,,ArcherQueen arrow lvl3,,,,,,,,,,,,,,,,,,,,,,,,,,,22250,13400,,,,,,,,,,,,,,,,,,,,,,,,,,,,,,,,,,,,20,,,,,,,,15,,,,,,,
,98,,,,,3288,0,,370000,17,11,,,,,774,,,,,,,,,,,ArcherQueen arrow lvl3,,,,,,,,,,,,,,,,,,,,,,,,,,,22400,13500,,,,,,,,,,,,,,,,,,,,,,,,,,,,,,,,,,,,20,,,,,,,,15,,,,,,,
,99,,,,,3312,0,,380000,17,11,,,,,777,,,,,,,,,,,ArcherQueen arrow lvl3,,,,,,,,,,,,,,,,,,,,,,,,,,,22550,13600,,,,,,,,,,,,,,,,,,,,,,,,,,,,,,,,,,,,20,,,,,,,,15,,,,,,,
,100,,,,,3336,0,,400000,17,11,,,,,780,,,,,,,,,,,ArcherQueen arrow lvl3,,,,,,,,,,,,,,,,,,,,,,,,,,,23200,13700,,,,,,,,,,,,,,,,,,,,,,,,,,,,,,,,,,,,21,,,,,,,,15,,,,,,,
,101,,,,,3360,0,,410000,18,12,,,,,783,,,,,,,,,,,ArcherQueen arrow lvl3,,,,,,,,,,,,,,,,,,,,,,,,,,,23350,13800,,,,,,,,,,,,,,,,,,,,,,,,,,,,,,,,,,,,21,,,,,,,,15,,,,,,,
,102,,,,,3384,0,,420000,18,12,,,,,786,,,,,,,,,,,ArcherQueen arrow lvl3,,,,,,,,,,,,,,,,,,,,,,,,,,,23500,13900,,,,,,,,,,,,,,,,,,,,,,,,,,,,,,,,,,,,21,,,,,,,,15,,,,,,,
,103,,,,,3408,0,,430000,18,12,,,,,789,,,,,,,,,,,ArcherQueen arrow lvl3,,,,,,,,,,,,,,,,,,,,,,,,,,,23650,14000,,,,,,,,,,,,,,,,,,,,,,,,,,,,,,,,,,,,21,,,,,,,,15,,,,,,,
,104,,,,,3432,0,,450000,18,12,,,,,792,,,,,,,,,,,ArcherQueen arrow lvl3,,,,,,,,,,,,,,,,,,,,,,,,,,,23800,14100,,,,,,,,,,,,,,,,,,,,,,,,,,,,,,,,,,,,21,,,,,,,,15,,,,,,,
,105,,,,,3456,,,,18,12,,,,,795,,,,,,,,,,,ArcherQueen arrow lvl3,,,,,,,,,,,,,,,,,,,,,,,,,,,24200,14200,,,,,,,,,,,,,,,,,,,,,,,,,,,,,,,,,,,,22,,,,,,,,15,,,,,,,
Grand Warden,1,TID_GRAND_WARDEN,TID_HERO_INSTRUCTIONS_WARDEN,,200,850,0,Elixir,1000000,11,5,700,650,1800,1050,43,1,,sc/ui.sc,icon_hero_grandwarden,unit_elder_big,sc/info_ancientelder.sc,icon_hero_grandwarden_profile,sc/ui.sc,hero_art_gw,sc/ui.sc,,,Hero Deploy,,,Grand Warden Hit,FALSE,TRUE,TRUE,TRUE,,,,,1000,25,15,Elixir,,Grand Warden Scream,,,200,,TID_HERO_ABILITY_WARDEN_DESC,icon_hero_grandwarden_ability1,unit_elder_ability_big,6150,2982,1300,,GrandWardenRangeRing,1,,,,,,,TRUE,TRUE,,,,,TRUE,500,1300,2000,TRUE,792,1,0,500,Grand Warden Statue Attack,-50,TRUE,,,,GrandWardenDefault,,M,GrandWardenAbilityHeal,1,,TRUE,,HeroGrandWarden,HeroGrandWardenAir,2,Eternal Tome; Life Gem;,1,sc/buildings.sc,GW_rally_point,GW_rally_point_base,gw,,ForceMoveGW,TRUE
,2,,,,,868,0,,1100000,11,5,,,,,44,,,,,,,,,,,,,,,,,,,,,,,,,,,,,,,,,,,,,,6300,3046,,,,,,,,,,,,,,,,,,,,,,,,,,,,,,,,,,,,1,,,,,,,,1,,,,,,,
,3,,,,,886,0,,1200000,11,5,,,,,46,,,,,,,,,,,,,,,,,,,,,,,,,,,,,,,,,,,,,,6450,3125,,,,,,,,,,,,,,,,,,,,,,,,,,,,,,,,,,,,1,,,,,,,,1,,,,,,,
,4,,,,,904,0,,1400000,11,5,,,,,48,,,,,,,,,,,,,,,,,,,,,,,,,,,,,,,,,,,,,,6600,3203,,,,,,,,,,,,,,,,,,,,,,,,,,,,,,,,,,,,1,,,,,,,,2,,,,,,,
,5,,,,,923,0,,1500000,11,5,,,,,49,,,,,,,,,,,,,,,,,,,,,,,,,,,,,,,,,,,,,,7000,3317,,,,,,,,,,,,,,,,,,,,,,,,,,,,,,,,,,,,2,,,,,,,,2,,,,,,,
,6,,,,,942,0,,1700000,11,5,,,,,51,,,,,,,,,,,,,,,,,,,,,,,,,,,,,,,,,,,,,,7150,3399,,,,,,,,,,,,,,,,,,,,,,,,,,,,,,,,,,,,2,,,,,,,,3,,,,,,,
,7,,,,,961,0,,1800000,11,5,,,,,54,,,,,,,,,,,,,,,,,,,,,,,,,,,,,,,,,,,,,,7300,3496,,,,,,,,,,,,,,,,,,,,,,,,,,,,,,,,,,,,2,,,,,,,,3,,,,,,,
,8,,,,,982,0,,2000000,11,5,,,,,56,,,,,,,,,,,,,,,,,,,,,,,,,,,,,,,,,,,,,,7450,3584,,,,,,,,,,,,,,,,,,,,,,,,,,,,,,,,,,,,2,,,,,,,,4,,,,,,,
,9,,,,,1003,0,,2300000,11,5,,,,,59,,,,,,,,,,,,,,,,,,,,,,,,,,,,,,,,,,,,,,7600,3686,,,,,,,,,,,,,,,,,,,,,,,,,,,,,,,,,,,,2,,,,,,,,4,,,,,,,
,10,,,,,1025,0,,2700000,11,5,,,,,61,,,,,,,,,,,,,,,,,,,,,,,,,,,,,,,,,,,,,,8000,3830,,,,,,,,,,,,,,,,,,,,,,,,,,,,,,,,,,,,3,,,,,,,,5,,,,,,,
,11,,,,,1048,0,,3000000,11,5,,,,,64,,,,,,,,,,,,,,,,,,,,,,,,,,,,,,,,,,,,,,8150,3940,,,,,,,,,,,,,,,,,,,,,,,,,,,,,,,,,,,,3,,,,,,,,5,,,,,,,
,12,,,,,1072,0,,3400000,11,5,,,,,66,,,,,,,,,,,,,,,,,,,,,,,,,,,,,,,,,,,,,,8300,4038,,,,,,,,,,,,,,,,,,,,,,,,,,,,,,,,,,,,3,,,,,,,,6,,,,,,,
,13,,,,,1097,0,,3700000,11,5,,,,,70,,,,,,,,,,,,,,,,,,,,,,,,,,,,,,,,,,,,,,8450,4167,,,,,,,,,,,,,,,,,,,,,,,,,,,,,,,,,,,,3,,,,,,,,6,,,,,,,
,14,,,,,1122,0,,4100000,11,5,,,,,73,,,,,,,,,,,,,,,,,,,,,,,,,,,,,,,,,,,,,,8600,4283,,,,,,,,,,,,,,,,,,,,,,,,,,,,,,,,,,,,3,,,,,,,,7,,,,,,,
,15,,,,,1148,0,,4400000,11,5,,,,,77,,,,,,,,,,,,,,,,,,,,,,,,,,,,,,,,,,,,,,9000,4476,,,,,,,,,,,,,,,,,,,,,,,,,,,,,,,,,,,,4,,,,,,,,7,,,,,,,
,16,,,,,1173,0,,4800000,11,5,,,,,80,,,,,,,,,,,,,,,,,,,,,,,,,,,,,,,,,,,,,,9300,4593,,,,,,,,,,,,,,,,,,,,,,,,,,,,,,,,,,,,4,,,,,,,,8,,,,,,,
,17,,,,,1199,0,,5100000,11,5,,,,,83,,,,,,,,,,,,,,,,,,,,,,,,,,,,,,,,,,,,,,9600,4713,,,,,,,,,,,,,,,,,,,,,,,,,,,,,,,,,,,,4,,,,,,,,8,,,,,,,
,18,,,,,1224,0,,5500000,11,5,,,,,87,,,,,,,,,,,,,,,,,,,,,,,,,,,,,,,,,,,,,,9900,4844,,,,,,,,,,,,,,,,,,,,,,,,,,,,,,,,,,,,4,,,,,,,,8,,,,,,,
,19,,,,,1250,0,,6000000,11,5,,,,,90,,,,,,,,,,,,,,,,,,,,,,,,,,,,,,,,,,,,,,10200,4964,,,,,,,,,,,,,,,,,,,,,,,,,,,,,,,,,,,,4,,,,,,,,8,,,,,,,
,20,,,,,1275,0,,6100000,11,5,,,,,94,,,,,,,,,,,,,,,,,,,,,,,,,,,,,,,,,,,,,,11000,5165,,,,,,,,,,,,,,,,,,,,,,,,,,,,,,,,,,,,5,,,,,,,,8,,,,,,,
,21,,,,,1301,0,,6200000,12,6,,,,,98,,,,,,,,,,,,,,,,,,,,,,,,,,,,,,,,,,,,,,11300,5301,,,,,,,,,,,,,,,,,,,,,,,,,,,,,,,,,,,,5,,,,,,,,9,,,,,,,
,22,,,,,1327,0,,6300000,12,6,,,,,102,,,,,,,,,,,,,,,,,,,,,,,,,,,,,,,,,,,,,,11600,5438,,,,,,,,,,,,,,,,,,,,,,,,,,,,,,,,,,,,5,,,,,,,,9,,,,,,,
,23,,,,,1354,0,,6400000,12,6,,,,,106,,,,,,,,,,,,,,,,,,,,,,,,,,,,,,,,,,,,,,11900,5577,,,,,,,,,,,,,,,,,,,,,,,,,,,,,,,,,,,,5,,,,,,,,9,,,,,,,
,24,,,,,1381,0,,6500000,12,6,,,,,111,,,,,,,,,,,,,,,,,,,,,,,,,,,,,,,,,,,,,,12200,5731,,,,,,,,,,,,,,,,,,,,,,,,,,,,,,,,,,,,5,,,,,,,,9,,,,,,,
,25,,,,,1409,0,,6600000,12,6,,,,,116,,,,,,,,,,,,,,,,,,,,,,,,,,,,,,,,,,,,,,13000,5967,,,,,,,,,,,,,,,,,,,,,,,,,,,,,,,,,,,,6,,,,,,,,9,,,,,,,
,26,,,,,1438,0,,6700000,12,6,,,,,121,,,,,,,,,,,,,,,,,,,,,,,,,,,,,,,,,,,,,,13300,6129,,,,,,,,,,,,,,,,,,,,,,,,,,,,,,,,,,,,6,,,,,,,,9,,,,,,,
,27,,,,,1467,0,,6800000,12,6,,,,,126,,,,,,,,,,,,,,,,,,,,,,,,,,,,,,,,,,,,,,13600,6291,,,,,,,,,,,,,,,,,,,,,,,,,,,,,,,,,,,,6,,,,,,,,9,,,,,,,
,28,,,,,1497,0,,6900000,12,6,,,,,131,,,,,,,,,,,,,,,,,,,,,,,,,,,,,,,,,,,,,,13900,6456,,,,,,,,,,,,,,,,,,,,,,,,,,,,,,,,,,,,6,,,,,,,,9,,,,,,,
,29,,,,,1527,0,,7000000,12,6,,,,,137,,,,,,,,,,,,,,,,,,,,,,,,,,,,,,,,,,,,,,14200,6636,,,,,,,,,,,,,,,,,,,,,,,,,,,,,,,,,,,,6,,,,,,,,9,,,,,,,
,30,,,,,1558,0,,7100000,12,6,,,,,143,,,,,,,,,,,,,,,,,,,,,,,,,,,,,,,,,,,,,,15000,6910,,,,,,,,,,,,,,,,,,,,,,,,,,,,,,,,,,,,7,,,,,,,,9,,,,,,,
,31,,,,,1590,0,,7200000,12,6,,,,,149,,,,,,,,,,,,,,,,,,,,,,,,,,,,,,,,,,,,,,15450,7098,,,,,,,,,,,,,,,,,,,,,,,,,,,,,,,,,,,,7,,,,,,,,10,,,,,,,
,32,,,,,1622,0,,7300000,12,6,,,,,155,,,,,,,,,,,,,,,,,,,,,,,,,,,,,,,,,,,,,,15900,7287,,,,,,,,,,,,,,,,,,,,,,,,,,,,,,,,,,,,7,,,,,,,,10,,,,,,,
,33,,,,,1655,0,,7400000,12,6,,,,,162,,,,,,,,,,,,,,,,,,,,,,,,,,,,,,,,,,,,,,16350,7494,,,,,,,,,,,,,,,,,,,,,,,,,,,,,,,,,,,,7,,,,,,,,10,,,,,,,
,34,,,,,1688,0,,7500000,12,6,,,,,168,,,,,,,,,,,,,,,,,,,,,,,,,,,,,,,,,,,,,,16800,7685,,,,,,,,,,,,,,,,,,,,,,,,,,,,,,,,,,,,7,,,,,,,,10,,,,,,,
,35,,,,,1722,0,,7600000,12,6,,,,,175,,,,,,,,,,,,,,,,,,,,,,,,,,,,,,,,,,,,,,18000,7999,,,,,,,,,,,,,,,,,,,,,,,,,,,,,,,,,,,,8,,,,,,,,10,,,,,,,
,36,,,,,1757,0,,7700000,12,6,,,,,183,,,,,,,,,,,,,,,,,,,,,,,,,,,,,,,,,,,,,,18450,8230,,,,,,,,,,,,,,,,,,,,,,,,,,,,,,,,,,,,8,,,,,,,,11,,,,,,,
,37,,,,,1793,0,,7800000,12,6,,,,,190,,,,,,,,,,,,,,,,,,,,,,,,,,,,,,,,,,,,,,18900,8448,,,,,,,,,,,,,,,,,,,,,,,,,,,,,,,,,,,,8,,,,,,,,11,,,,,,,
,38,,,,,1829,0,,7900000,12,6,,,,,198,,,,,,,,,,,,,,,,,,,,,,,,,,,,,,,,,,,,,,19350,8683,,,,,,,,,,,,,,,,,,,,,,,,,,,,,,,,,,,,8,,,,,,,,11,,,,,,,
,39,,,,,1867,0,,8000000,12,6,,,,,207,,,,,,,,,,,,,,,,,,,,,,,,,,,,,,,,,,,,,,19800,8938,,,,,,,,,,,,,,,,,,,,,,,,,,,,,,,,,,,,8,,,,,,,,11,,,,,,,
,40,,,,,1904,0,,8300000,12,6,,,,,215,,,,,,,,,,,,,,,,,,,,,,,,,,,,,,,,,,,,,,21000,9294,,,,,,,,,,,,,,,,,,,,,,,,,,,,,,,,,,,,9,,,,,,,,11,,,,,,,
,41,,,,,1921,0,,8600000,13,7,,,,,221,,,,,,,,,,,,,,,,,,,,,,,,,,,,,,,,,,,,,,21300,9441,,,,,,,,,,,,,,,,,,,,,,,,,,,,,,,,,,,,9,,,,,,,,12,,,,,,,
,42,,,,,1938,0,,8900000,13,7,,,,,226,,,,,,,,,,,,,,,,,,,,,,,,,,,,,,,,,,,,,,21600,9572,,,,,,,,,,,,,,,,,,,,,,,,,,,,,,,,,,,,9,,,,,,,,12,,,,,,,
,43,,,,,1955,0,,9200000,13,7,,,,,230,,,,,,,,,,,,,,,,,,,,,,,,,,,,,,,,,,,,,,21900,9688,,,,,,,,,,,,,,,,,,,,,,,,,,,,,,,,,,,,9,,,,,,,,12,,,,,,,
,44,,,,,1972,0,,9500000,13,7,,,,,234,,,,,,,,,,,,,,,,,,,,,,,,,,,,,,,,,,,,,,22200,9803,,,,,,,,,,,,,,,,,,,,,,,,,,,,,,,,,,,,9,,,,,,,,12,,,,,,,
,45,,,,,1989,0,,9800000,13,7,,,,,237,,,,,,,,,,,,,,,,,,,,,,,,,,,,,,,,,,,,,,23000,10030,,,,,,,,,,,,,,,,,,,,,,,,,,,,,,,,,,,,10,,,,,,,,12,,,,,,,
,46,,,,,2006,0,,10100000,13,7,,,,,241,,,,,,,,,,,,,,,,,,,,,,,,,,,,,,,,,,,,,,23300,10147,,,,,,,,,,,,,,,,,,,,,,,,,,,,,,,,,,,,10,,,,,,,,13,,,,,,,
,47,,,,,2023,0,,10400000,13,7,,,,,244,,,,,,,,,,,,,,,,,,,,,,,,,,,,,,,,,,,,,,23600,10248,,,,,,,,,,,,,,,,,,,,,,,,,,,,,,,,,,,,10,,,,,,,,13,,,,,,,
,48,,,,,2040,0,,10700000,13,7,,,,,247,,,,,,,,,,,,,,,,,,,,,,,,,,,,,,,,,,,,,,23900,10349,,,,,,,,,,,,,,,,,,,,,,,,,,,,,,,,,,,,10,,,,,,,,13,,,,,,,
,49,,,,,2057,0,,11000000,13,7,,,,,251,,,,,,,,,,,,,,,,,,,,,,,,,,,,,,,,,,,,,,24200,10466,,,,,,,,,,,,,,,,,,,,,,,,,,,,,,,,,,,,10,,,,,,,,13,,,,,,,
,50,,,,,2074,0,,11400000,13,7,,,,,254,,,,,,,,,,,,,,,,,,,,,,,,,,,,,,,,,,,,,,25000,10701,,,,,,,,,,,,,,,,,,,,,,,,,,,,,,,,,,,,11,,,,,,,,13,,,,,,,
,51,,,,,2091,0,,11800000,14,8,,,,,258,,,,,,,,,,,,,,,,,,,,,,,,,,,,,,,,,,,,,,25300,10819,,,,,,,,,,,,,,,,,,,,,,,,,,,,,,,,,,,,11,,,,,,,,14,,,,,,,
,52,,,,,2108,0,,12200000,14,8,,,,,261,,,,,,,,,,,,,,,,,,,,,,,,,,,,,,,,,,,,,,25600,10922,,,,,,,,,,,,,,,,,,,,,,,,,,,,,,,,,,,,11,,,,,,,,14,,,,,,,
,53,,,,,2125,0,,12600000,14,8,,,,,264,,,,,,,,,,,,,,,,,,,,,,,,,,,,,,,,,,,,,,25900,11024,,,,,,,,,,,,,,,,,,,,,,,,,,,,,,,,,,,,11,,,,,,,,14,,,,,,,
,54,,,,,2142,0,,13000000,14,8,,,,,268,,,,,,,,,,,,,,,,,,,,,,,,,,,,,,,,,,,,,,26200,11142,,,,,,,,,,,,,,,,,,,,,,,,,,,,,,,,,,,,11,,,,,,,,14,,,,,,,
,55,,,,,2159,0,,13400000,14,8,,,,,271,,,,,,,,,,,,,,,,,,,,,,,,,,,,,,,,,,,,,,27000,11385,,,,,,,,,,,,,,,,,,,,,,,,,,,,,,,,,,,,12,,,,,,,,14,,,,,,,
,56,,,,,2176,0,,13800000,14,8,,,,,274,,,,,,,,,,,,,,,,,,,,,,,,,,,,,,,,,,,,,,27300,11489,,,,,,,,,,,,,,,,,,,,,,,,,,,,,,,,,,,,12,,,,,,,,15,,,,,,,
,57,,,,,2193,0,,14200000,14,8,,,,,276,,,,,,,,,,,,,,,,,,,,,,,,,,,,,,,,,,,,,,27600,11577,,,,,,,,,,,,,,,,,,,,,,,,,,,,,,,,,,,,12,,,,,,,,15,,,,,,,
,58,,,,,2210,0,,14600000,14,8,,,,,279,,,,,,,,,,,,,,,,,,,,,,,,,,,,,,,,,,,,,,27900,11680,,,,,,,,,,,,,,,,,,,,,,,,,,,,,,,,,,,,12,,,,,,,,15,,,,,,,
,59,,,,,2227,0,,15000000,14,8,,,,,281,,,,,,,,,,,,,,,,,,,,,,,,,,,,,,,,,,,,,,28200,11768,,,,,,,,,,,,,,,,,,,,,,,,,,,,,,,,,,,,12,,,,,,,,15,,,,,,,
,60,,,,,2244,0,,15500000,14,8,,,,,284,,,,,,,,,,,,,,,,,,,,,,,,,,,,,,,,,,,,,,29000,12018,,,,,,,,,,,,,,,,,,,,,,,,,,,,,,,,,,,,13,,,,,,,,15,,,,,,,
,61,,,,,2261,0,,16000000,15,9,,,,,286,,,,,,,,,,,,,,,,,,,,,,,,,,,,,,,,,,,,,,29300,12106,,,,,,,,,,,,,,,,,,,,,,,,,,,,,,,,,,,,13,,,,,,,,15,,,,,,,
,62,,,,,2278,0,,16500000,15,9,,,,,289,,,,,,,,,,,,,,,,,,,,,,,,,,,,,,,,,,,,,,29600,12211,,,,,,,,,,,,,,,,,,,,,,,,,,,,,,,,,,,,13,,,,,,,,15,,,,,,,
,63,,,,,2295,0,,17000000,15,9,,,,,292,,,,,,,,,,,,,,,,,,,,,,,,,,,,,,,,,,,,,,29900,12316,,,,,,,,,,,,,,,,,,,,,,,,,,,,,,,,,,,,13,,,,,,,,15,,,,,,,
,64,,,,,2312,0,,17500000,15,9,,,,,294,,,,,,,,,,,,,,,,,,,,,,,,,,,,,,,,,,,,,,30200,12405,,,,,,,,,,,,,,,,,,,,,,,,,,,,,,,,,,,,13,,,,,,,,15,,,,,,,
,65,,,,,2329,0,,18000000,15,9,,,,,297,,,,,,,,,,,,,,,,,,,,,,,,,,,,,,,,,,,,,,31000,12662,,,,,,,,,,,,,,,,,,,,,,,,,,,,,,,,,,,,14,,,,,,,,15,,,,,,,
,66,,,,,2346,0,,18500000,16,10,,,,,299,,,,,,,,,,,,,,,,,,,,,,,,,,,,,,,,,,,,,,31150,12752,,,,,,,,,,,,,,,,,,,,,,,,,,,,,,,,,,,,14,,,,,,,,15,,,,,,,
,67,,,,,2363,0,,19000000,16,10,,,,,302,,,,,,,,,,,,,,,,,,,,,,,,,,,,,,,,,,,,,,31300,12858,,,,,,,,,,,,,,,,,,,,,,,,,,,,,,,,,,,,14,,,,,,,,15,,,,,,,
,68,,,,,2380,0,,19500000,16,10,,,,,304,,,,,,,,,,,,,,,,,,,,,,,,,,,,,,,,,,,,,,31450,12948,,,,,,,,,,,,,,,,,,,,,,,,,,,,,,,,,,,,14,,,,,,,,15,,,,,,,
,69,,,,,2397,0,,20000000,16,10,,,,,307,,,,,,,,,,,,,,,,,,,,,,,,,,,,,,,,,,,,,,31600,13054,,,,,,,,,,,,,,,,,,,,,,,,,,,,,,,,,,,,14,,,,,,,,15,,,,,,,
,70,,,,,2414,0,,20500000,16,10,,,,,309,,,,,,,,,,,,,,,,,,,,,,,,,,,,,,,,,,,,,,32000,13302,,,,,,,,,,,,,,,,,,,,,,,,,,,,,,,,,,,,15,,,,,,,,15,,,,,,,
,71,,,,,2431,0,,21000000,17,11,,,,,312,,,,,,,,,,,,,,,,,,,,,,,,,,,,,,,,,,,,,,32150,13400,,,,,,,,,,,,,,,,,,,,,,,,,,,,,,,,,,,,15,,,,,,,,15,,,,,,,
,72,,,,,2448,0,,21500000,17,11,,,,,315,,,,,,,,,,,,,,,,,,,,,,,,,,,,,,,,,,,,,,32300,13500,,,,,,,,,,,,,,,,,,,,,,,,,,,,,,,,,,,,15,,,,,,,,15,,,,,,,
,73,,,,,2465,0,,22000000,17,11,,,,,318,,,,,,,,,,,,,,,,,,,,,,,,,,,,,,,,,,,,,,32450,13600,,,,,,,,,,,,,,,,,,,,,,,,,,,,,,,,,,,,15,,,,,,,,15,,,,,,,
,74,,,,,2482,0,,22500000,17,11,,,,,321,,,,,,,,,,,,,,,,,,,,,,,,,,,,,,,,,,,,,,32600,13700,,,,,,,,,,,,,,,,,,,,,,,,,,,,,,,,,,,,15,,,,,,,,15,,,,,,,
,75,,,,,2499,0,,24000000,17,11,,,,,324,,,,,,,,,,,,,,,,,,,,,,,,,,,,,,,,,,,,,,33000,14000,,,,,,,,,,,,,,,,,,,,,,,,,,,,,,,,,,,,16,,,,,,,,15,,,,,,,
,76,,,,,2516,0,,25500000,18,12,,,,,327,,,,,,,,,,,,,,,,,,,,,,,,,,,,,,,,,,,,,,33150,14100,,,,,,,,,,,,,,,,,,,,,,,,,,,,,,,,,,,,16,,,,,,,,15,,,,,,,
,77,,,,,2533,0,,27000000,18,12,,,,,330,,,,,,,,,,,,,,,,,,,,,,,,,,,,,,,,,,,,,,33300,14200,,,,,,,,,,,,,,,,,,,,,,,,,,,,,,,,,,,,16,,,,,,,,15,,,,,,,
,78,,,,,2550,0,,28500000,18,12,,,,,333,,,,,,,,,,,,,,,,,,,,,,,,,,,,,,,,,,,,,,33450,14300,,,,,,,,,,,,,,,,,,,,,,,,,,,,,,,,,,,,16,,,,,,,,15,,,,,,,
,79,,,,,2567,0,,30000000,18,12,,,,,336,,,,,,,,,,,,,,,,,,,,,,,,,,,,,,,,,,,,,,33600,14400,,,,,,,,,,,,,,,,,,,,,,,,,,,,,,,,,,,,16,,,,,,,,15,,,,,,,
,80,,,,,2584,,,,18,12,,,,,339,,,,,,,,,,,,,,,,,,,,,,,,,,,,,,,,,,,,,,34000,14500,,,,,,,,,,,,,,,,,,,,,,,,,,,,,,,,,,,,17,,,,,,,,15,,,,,,,
BB Battle Machine,1,TID_WARMACHINE,TID_HERO_INSTRUCTIONS_WARMACHINE,,200,3000,0,Elixir2,1000000,5,0,125,,1200,,125,1,,sc/ui.sc,icon_hero_warmachine,unit_warmachine_big,sc/info_warmachine.sc,,,,,,,,,,,FALSE,FALSE,TRUE,FALSE,,,,,900,25,,Elixir2,,Warmachine Scream,-30,-40,300,,TID_HERO_ABILITY_WARMACHINE_DESC,icon_hero_warmachine_ability1,unit_warmachine_ability_big,38,0,1200,,,,,,,,,,,,,,,,,,,,,,,2100,2500,,-50,TRUE,1,TRUE,,WarmachineDefault,,M,,,TRUE,TRUE,2,,,,,,,,,,,,TRUE
,2,,,,,3070,0,,1100000,5,,,,,,127,,,,,,,,,,,,,,,,,,,,,,,,,,,,,,,,,,,,,,40,0,,,,,,,,,,,,,,,,,,,,,,,,,,,,,,,,,,,,,,,,,,,,,,,,,,,
,3,,,,,3140,0,,1200000,5,,,,,,130,,,,,,,,,,,,,,,,,,,,,,,,,,,,,,,,,,,,,,41,0,,,,,,,,,,,,,,,,,,,,,,,,,,,,,,,,,,,,,,,,,,,,,,,,,,,
,4,,,,,3210,0,,1300000,5,,,,,,132,,,,,,,,,,,,,,,,,,,,,,,,,,,,,,,,,,,,,,42,0,,,,,,,,,,,,,,,,,,,,,,,,,,,,,,,,,,,,,,,,,,,,,,,,,,,
,5,,,,,3280,0,,1500000,5,,,,,,135,,,,,,,,,,,,,,,,,,,,,,,,,,,,,,,,,,,,,,47,0,,,,,,,,,,,,,,,,,,,,,,,,,,,,,,,,,,,Battle Machine Electric Hammer 1;Battle Machine Electric Hammer 2;Battle Machine Electric Hammer 3,1;1;1,,,,,,,,,,,,,,,
,6,,,,,3350,0,,1600000,6,,,,,,137,,,,,,,,,,,,,,,,,,,,,,,,,,,,,,,,,,,,,,48,0,,,,,,,,,,,,,,,,,,,,,,,,,,,,,,,,,,,,1;1;1,,,,,,,,,,,,,,,
,7,,,,,3420,0,,1700000,6,,,,,,140,,,,,,,,,,,,,,,,,,,,,,,,,,,,,,,,,,,,,,50,0,,,,,,,,,,,,,,,,,,,,,,,,,,,,,,,,,,,,1;1;1,,,,,,,,,,,,,,,
,8,,,,,3490,0,,1800000,6,,,,,,142,,,,,,,,,,,,,,,,,,,,,,,,,,,,,,,,,,,,,,51,0,,,,,,,,,,,,,,,,,,,,,,,,,,,,,,,,,,,,1;1;1,,,,,,,,,,,,,,,
,9,,,,,3560,0,,1900000,6,,,,,,145,,,,,,,,,,,,,,,,,,,,,,,,,,,,,,,,,,,,,,53,0,,,,,,,,,,,,,,,,,,,,,,,,,,,,,,,,,,,,1;1;1,,,,,,,,,,,,,,,
,10,,,,,3630,0,,2100000,6,,,,,,147,,,,,,,,,,,,,,,,,,,,,,,,,,,,,,,,,,,,,,59,0,,,,,,,,,,,,,,,,,,,,,,,,,,,,,,,,,,,,2;2;2,,,,,,,,,,,,,,,
,11,,,,,3700,0,,2200000,7,,,,,,150,,,,,,,,,,,,,,,,,,,,,,,,,,,,,,,,,,,,,,61,0,,,,,,,,,,,,,,,,,,,,,,,,,,,,,,,,,,,,2;2;2,,,,,,,,,,,,,,,
,12,,,,,3770,0,,2300000,7,,,,,,154,,,,,,,,,,,,,,,,,,,,,,,,,,,,,,,,,,,,,,62,0,,,,,,,,,,,,,,,,,,,,,,,,,,,,,,,,,,,,2;2;2,,,,,,,,,,,,,,,
,13,,,,,3840,0,,2400000,7,,,,,,157,,,,,,,,,,,,,,,,,,,,,,,,,,,,,,,,,,,,,,64,0,,,,,,,,,,,,,,,,,,,,,,,,,,,,,,,,,,,,2;2;2,,,,,,,,,,,,,,,
,14,,,,,3910,0,,2500000,7,,,,,,160,,,,,,,,,,,,,,,,,,,,,,,,,,,,,,,,,,,,,,66,0,,,,,,,,,,,,,,,,,,,,,,,,,,,,,,,,,,,,2;2;2,,,,,,,,,,,,,,,
,15,,,,,3980,0,,2600000,7,,,,,,164,,,,,,,,,,,,,,,,,,,,,,,,,,,,,,,,,,,,,,73,0,,,,,,,,,,,,,,,,,,,,,,,,,,,,,,,,,,,,3;3;3,,,,,,,,,,,,,,,
,16,,,,,4050,0,,2700000,7,,,,,,167,,,,,,,,,,,,,,,,,,,,,,,,,,,,,,,,,,,,,,75,0,,,,,,,,,,,,,,,,,,,,,,,,,,,,,,,,,,,,3;3;3,,,,,,,,,,,,,,,
,17,,,,,4120,0,,2800000,7,,,,,,170,,,,,,,,,,,,,,,,,,,,,,,,,,,,,,,,,,,,,,77,0,,,,,,,,,,,,,,,,,,,,,,,,,,,,,,,,,,,,3;3;3,,,,,,,,,,,,,,,
,18,,,,,4190,0,,2900000,7,,,,,,174,,,,,,,,,,,,,,,,,,,,,,,,,,,,,,,,,,,,,,80,0,,,,,,,,,,,,,,,,,,,,,,,,,,,,,,,,,,,,3;3;3,,,,,,,,,,,,,,,
,19,,,,,4260,0,,3000000,7,,,,,,177,,,,,,,,,,,,,,,,,,,,,,,,,,,,,,,,,,,,,,83,0,,,,,,,,,,,,,,,,,,,,,,,,,,,,,,,,,,,,3;3;3,,,,,,,,,,,,,,,
,20,,,,,4330,0,,3100000,7,,,,,,180,,,,,,,,,,,,,,,,,,,,,,,,,,,,,,,,,,,,,,91,0,,,,,,,,,,,,,,,,,,,,,,,,,,,,,,,,,,,,4;4;4,,,,,,,,,,,,,,,
,21,,,,,4400,0,,3200000,8,,,,,,186,,,,,,,,,,,,,,,,,,,,,,,,,,,,,,,,,,,,,,94,0,,,,,,,,,,,,,,,,,,,,,,,,,,,,,,,,,,,,4;4;4,,,,,,,,,,,,,,,
,22,,,,,4470,0,,3300000,8,,,,,,192,,,,,,,,,,,,,,,,,,,,,,,,,,,,,,,,,,,,,,96,0,,,,,,,,,,,,,,,,,,,,,,,,,,,,,,,,,,,,4;4;4,,,,,,,,,,,,,,,
,23,,,,,4540,0,,3400000,8,,,,,,198,,,,,,,,,,,,,,,,,,,,,,,,,,,,,,,,,,,,,,100,0,,,,,,,,,,,,,,,,,,,,,,,,,,,,,,,,,,,,4;4;4,,,,,,,,,,,,,,,
,24,,,,,4610,0,,3500000,8,,,,,,204,,,,,,,,,,,,,,,,,,,,,,,,,,,,,,,,,,,,,,104,0,,,,,,,,,,,,,,,,,,,,,,,,,,,,,,,,,,,,4;4;4,,,,,,,,,,,,,,,
,25,,,,,4680,0,,3600000,8,,,,,,210,,,,,,,,,,,,,,,,,,,,,,,,,,,,,,,,,,,,,,113,0,,,,,,,,,,,,,,,,,,,,,,,,,,,,,,,,,,,,5;5;5,,,,,,,,,,,,,,,
,26,,,,,4750,0,,3700000,9,,,,,,218,,,,,,,,,,,,,,,,,,,,,,,,,,,,,,,,,,,,,,116,0,,,,,,,,,,,,,,,,,,,,,,,,,,,,,,,,,,,,5;5;5,,,,,,,,,,,,,,,
,27,,,,,4820,0,,3800000,9,,,,,,226,,,,,,,,,,,,,,,,,,,,,,,,,,,,,,,,,,,,,,120,0,,,,,,,,,,,,,,,,,,,,,,,,,,,,,,,,,,,,5;5;5,,,,,,,,,,,,,,,
,28,,,,,4890,0,,3900000,9,,,,,,234,,,,,,,,,,,,,,,,,,,,,,,,,,,,,,,,,,,,,,124,0,,,,,,,,,,,,,,,,,,,,,,,,,,,,,,,,,,,,5;5;5,,,,,,,,,,,,,,,
,29,,,,,4960,0,,4000000,9,,,,,,242,,,,,,,,,,,,,,,,,,,,,,,,,,,,,,,,,,,,,,127,0,,,,,,,,,,,,,,,,,,,,,,,,,,,,,,,,,,,,5;5;5,,,,,,,,,,,,,,,
,30,,,,,5030,0,,4100000,9,,,,,,250,,,,,,,,,,,,,,,,,,,,,,,,,,,,,,,,,,,,,,137,0,,,,,,,,,,,,,,,,,,,,,,,,,,,,,,,,,,,,6;6;6,,,,,,,,,,,,,,,
,31,,,,,5100,0,,4200000,10,,,,,,258,,,,,,,,,,,,,,,,,,,,,,,,,,,,,,,,,,,,,,140,0,,,,,,,,,,,,,,,,,,,,,,,,,,,,,,,,,,,,6;6;6,,,,,,,,,,,,,,,
,32,,,,,5170,0,,4300000,10,,,,,,266,,,,,,,,,,,,,,,,,,,,,,,,,,,,,,,,,,,,,,143,0,,,,,,,,,,,,,,,,,,,,,,,,,,,,,,,,,,,,6;6;6,,,,,,,,,,,,,,,
,33,,,,,5240,0,,4400000,10,,,,,,274,,,,,,,,,,,,,,,,,,,,,,,,,,,,,,,,,,,,,,146,0,,,,,,,,,,,,,,,,,,,,,,,,,,,,,,,,,,,,6;6;6,,,,,,,,,,,,,,,
,34,,,,,5310,0,,4500000,10,,,,,,282,,,,,,,,,,,,,,,,,,,,,,,,,,,,,,,,,,,,,,149,0,,,,,,,,,,,,,,,,,,,,,,,,,,,,,,,,,,,,6;6;6,,,,,,,,,,,,,,,
,35,,,,,5380,,,,10,,,,,,290,,,,,,,,,,,,,,,,,,,,,,,,,,,,,,,,,,,,,,160,0,,,,,,,,,,,,,,,,,,,,,,,,,,,,,,,,,,,,7;7;7,,,,,,,,,,,,,,,
Royal Champion,1,TID_HERO_ROYAL_CHAMPION,TID_HERO_INSTRUCTIONS_ROYAL_CHAMPION,,300,2508,0,DarkElixir,10000,13,7,300,,1200,,340,,,sc/ui.sc,icon_hero_warriorPrincess,unit_royal_champion_big,sc/info_royal_champion.sc,icon_hero_warriorPrincess_profile,sc/ui.sc,hero_art_rc,sc/ui.sc,AmazonQueen_javelin,,Hero Deploy,,,AmazonQ ability hit,FALSE,TRUE,TRUE,TRUE,,,,,1000,25,23,Elixir,,Warrior Princess Scream,,,300,,TID_HERO_ABILITY_ROYAL_CHAMPION_DESC,icon_hero_warriorPrincess_ability1,unit_royal_champion_ability_big,20000,5218,1200,,,,,,,,,,,,,Defense,,,,,,,,,,2100,1000,,-50,TRUE,,,,WarriorPrincessDefault,400,F,RoyalChampionAbilityHeal,1,,TRUE,,HeroRoyalChampion,,2,Seeking Shield; Royal Gem;,1,sc/buildings.sc,RC_rally_point,RC_rally_point_base,rc,,ForceMoveRC,TRUE
,2,,,,,2550,0,,15000,13,7,,,,,350,,,,,,,,,,,,,,,,,,,,,,,,,,,,,,,,,,,,,,21000,5332,,,,,,,,,,,,,,,,,,,,,,,,,,,,,,,,,,,,1,,,,,,,,1,,,,,,,
,3,,,,,2593,0,,20000,13,7,,,,,360,,,,,,,,,,,,,,,,,,,,,,,,,,,,,,,,,,,,,,22000,5447,,,,,,,,,,,,,,,,,,,,,,,,,,,,,,,,,,,,1,,,,,,,,2,,,,,,,
,4,,,,,2635,0,,25000,13,7,,,,,370,,,,,,,,,,,,,,,,,,,,,,,,,,,,,,,,,,,,,,23000,5561,,,,,,,,,,,,,,,,,,,,,,,,,,,,,,,,,,,,1,,,,,,,,3,,,,,,,
,5,,,,,2678,0,,30000,13,7,,,,,375,,,,,,,,,,,,,,,,,,,,,,,,,,,,,,,,,,,,,,25000,6010,,,,,,,,,,,,,,,,,,,,,,,,,,,,,,,,,,,,2,,,,,,,,4,,,,,,,
,6,,,,,2720,0,,35000,13,7,,,,,380,,,,,,,,,,,,,,,,,,,,,,,,,,,,,,,,,,,,,,26000,6098,,,,,,,,,,,,,,,,,,,,,,,,,,,,,,,,,,,,2,,,,,,,,5,,,,,,,
,7,,,,,2763,0,,40000,13,7,,,,,385,,,,,,,,,,,,,,,,,,,,,,,,,,,,,,,,,,,,,,27000,6188,,,,,,,,,,,,,,,,,,,,,,,,,,,,,,,,,,,,2,,,,,,,,5,,,,,,,
,8,,,,,2805,0,,45000,13,7,,,,,390,,,,,,,,,,,,,,,,,,,,,,,,,,,,,,,,,,,,,,28000,6277,,,,,,,,,,,,,,,,,,,,,,,,,,,,,,,,,,,,2,,,,,,,,6,,,,,,,
,9,,,,,2848,0,,50000,13,7,,,,,396,,,,,,,,,,,,,,,,,,,,,,,,,,,,,,,,,,,,,,29000,6373,,,,,,,,,,,,,,,,,,,,,,,,,,,,,,,,,,,,2,,,,,,,,6,,,,,,,
,10,,,,,2890,0,,53000,13,7,,,,,402,,,,,,,,,,,,,,,,,,,,,,,,,,,,,,,,,,,,,,31000,6860,,,,,,,,,,,,,,,,,,,,,,,,,,,,,,,,,,,,3,,,,,,,,7,,,,,,,
,11,,,,,2933,0,,56000,13,7,,,,,408,,,,,,,,,,,,,,,,,,,,,,,,,,,,,,,,,,,,,,32000,6962,,,,,,,,,,,,,,,,,,,,,,,,,,,,,,,,,,,,3,,,,,,,,7,,,,,,,
,12,,,,,2975,0,,59000,13,7,,,,,414,,,,,,,,,,,,,,,,,,,,,,,,,,,,,,,,,,,,,,33000,7063,,,,,,,,,,,,,,,,,,,,,,,,,,,,,,,,,,,,3,,,,,,,,8,,,,,,,
,13,,,,,3018,0,,62000,13,7,,,,,420,,,,,,,,,,,,,,,,,,,,,,,,,,,,,,,,,,,,,,34000,7165,,,,,,,,,,,,,,,,,,,,,,,,,,,,,,,,,,,,3,,,,,,,,8,,,,,,,
,14,,,,,3060,0,,65000,13,7,,,,,426,,,,,,,,,,,,,,,,,,,,,,,,,,,,,,,,,,,,,,35000,7266,,,,,,,,,,,,,,,,,,,,,,,,,,,,,,,,,,,,3,,,,,,,,8,,,,,,,
,15,,,,,3103,0,,70000,13,7,,,,,432,,,,,,,,,,,,,,,,,,,,,,,,,,,,,,,,,,,,,,36000,7789,,,,,,,,,,,,,,,,,,,,,,,,,,,,,,,,,,,,4,,,,,,,,9,,,,,,,
,16,,,,,3145,0,,75000,13,7,,,,,438,,,,,,,,,,,,,,,,,,,,,,,,,,,,,,,,,,,,,,37000,7896,,,,,,,,,,,,,,,,,,,,,,,,,,,,,,,,,,,,4,,,,,,,,9,,,,,,,
,17,,,,,3188,0,,80000,13,7,,,,,444,,,,,,,,,,,,,,,,,,,,,,,,,,,,,,,,,,,,,,38000,8004,,,,,,,,,,,,,,,,,,,,,,,,,,,,,,,,,,,,4,,,,,,,,9,,,,,,,
,18,,,,,3230,0,,85000,13,7,,,,,448,,,,,,,,,,,,,,,,,,,,,,,,,,,,,,,,,,,,,,39000,8096,,,,,,,,,,,,,,,,,,,,,,,,,,,,,,,,,,,,4,,,,,,,,10,,,,,,,
,19,,,,,3273,0,,90000,13,7,,,,,452,,,,,,,,,,,,,,,,,,,,,,,,,,,,,,,,,,,,,,40000,8189,,,,,,,,,,,,,,,,,,,,,,,,,,,,,,,,,,,,4,,,,,,,,11,,,,,,,
,20,,,,,3315,0,,95000,13,7,,,,,456,,,,,,,,,,,,,,,,,,,,,,,,,,,,,,,,,,,,,,41000,8728,,,,,,,,,,,,,,,,,,,,,,,,,,,,,,,,,,,,5,,,,,,,,12,,,,,,,
,21,,,,,3349,0,,100000,13,7,,,,,460,,,,,,,,,,,,,,,,,,,,,,,,,,,,,,,,,,,,,,41500,8812,,,,,,,,,,,,,,,,,,,,,,,,,,,,,,,,,,,,5,,,,,,,,12,,,,,,,
,22,,,,,3383,0,,105000,13,7,,,,,465,,,,,,,,,,,,,,,,,,,,,,,,,,,,,,,,,,,,,,42000,8904,,,,,,,,,,,,,,,,,,,,,,,,,,,,,,,,,,,,5,,,,,,,,12,,,,,,,
,23,,,,,3417,0,,110000,13,7,,,,,470,,,,,,,,,,,,,,,,,,,,,,,,,,,,,,,,,,,,,,42500,8996,,,,,,,,,,,,,,,,,,,,,,,,,,,,,,,,,,,,5,,,,,,,,12,,,,,,,
,24,,,,,3451,0,,115000,13,7,,,,,474,,,,,,,,,,,,,,,,,,,,,,,,,,,,,,,,,,,,,,43000,9081,,,,,,,,,,,,,,,,,,,,,,,,,,,,,,,,,,,,5,,,,,,,,12,,,,,,,
,25,,,,,3485,0,,120000,13,7,,,,,477,,,,,,,,,,,,,,,,,,,,,,,,,,,,,,,,,,,,,,44000,9627,,,,,,,,,,,,,,,,,,,,,,,,,,,,,,,,,,,,6,,,,,,,,13,,,,,,,
,26,,,,,3519,0,,125000,14,8,,,,,480,,,,,,,,,,,,,,,,,,,,,,,,,,,,,,,,,,,,,,44500,9707,,,,,,,,,,,,,,,,,,,,,,,,,,,,,,,,,,,,6,,,,,,,,13,,,,,,,
,27,,,,,3553,0,,130000,14,8,,,,,483,,,,,,,,,,,,,,,,,,,,,,,,,,,,,,,,,,,,,,45000,9788,,,,,,,,,,,,,,,,,,,,,,,,,,,,,,,,,,,,6,,,,,,,,14,,,,,,,
,28,,,,,3587,0,,135000,14,8,,,,,486,,,,,,,,,,,,,,,,,,,,,,,,,,,,,,,,,,,,,,45500,9868,,,,,,,,,,,,,,,,,,,,,,,,,,,,,,,,,,,,6,,,,,,,,14,,,,,,,
,29,,,,,3621,0,,140000,14,8,,,,,489,,,,,,,,,,,,,,,,,,,,,,,,,,,,,,,,,,,,,,46000,9948,,,,,,,,,,,,,,,,,,,,,,,,,,,,,,,,,,,,6,,,,,,,,14,,,,,,,
,30,,,,,3655,0,,145000,14,8,,,,,492,,,,,,,,,,,,,,,,,,,,,,,,,,,,,,,,,,,,,,47000,10518,,,,,,,,,,,,,,,,,,,,,,,,,,,,,,,,,,,,7,,,,,,,,15,,,,,,,
,31,,,,,3681,0,,150000,15,9,,,,,495,,,,,,,,,,,,,,,,,,,,,,,,,,,,,,,,,,,,,,47100,10588,,,,,,,,,,,,,,,,,,,,,,,,,,,,,,,,,,,,7,,,,,,,,15,,,,,,,
,32,,,,,3706,0,,155000,15,9,,,,,498,,,,,,,,,,,,,,,,,,,,,,,,,,,,,,,,,,,,,,47200,10657,,,,,,,,,,,,,,,,,,,,,,,,,,,,,,,,,,,,7,,,,,,,,15,,,,,,,
,33,,,,,3732,0,,160000,15,9,,,,,502,,,,,,,,,,,,,,,,,,,,,,,,,,,,,,,,,,,,,,47300,10736,,,,,,,,,,,,,,,,,,,,,,,,,,,,,,,,,,,,7,,,,,,,,15,,,,,,,
,34,,,,,3757,0,,165000,15,9,,,,,506,,,,,,,,,,,,,,,,,,,,,,,,,,,,,,,,,,,,,,47400,10814,,,,,,,,,,,,,,,,,,,,,,,,,,,,,,,,,,,,7,,,,,,,,15,,,,,,,
,35,,,,,3783,0,,170000,15,9,,,,,510,,,,,,,,,,,,,,,,,,,,,,,,,,,,,,,,,,,,,,48000,11399,,,,,,,,,,,,,,,,,,,,,,,,,,,,,,,,,,,,8,,,,,,,,15,,,,,,,
,36,,,,,3808,0,,175000,15,9,,,,,514,,,,,,,,,,,,,,,,,,,,,,,,,,,,,,,,,,,,,,48100,11480,,,,,,,,,,,,,,,,,,,,,,,,,,,,,,,,,,,,8,,,,,,,,15,,,,,,,
,37,,,,,3834,0,,180000,15,9,,,,,518,,,,,,,,,,,,,,,,,,,,,,,,,,,,,,,,,,,,,,48200,11563,,,,,,,,,,,,,,,,,,,,,,,,,,,,,,,,,,,,8,,,,,,,,15,,,,,,,
,38,,,,,3859,0,,200000,15,9,,,,,522,,,,,,,,,,,,,,,,,,,,,,,,,,,,,,,,,,,,,,48300,11644,,,,,,,,,,,,,,,,,,,,,,,,,,,,,,,,,,,,8,,,,,,,,15,,,,,,,
,39,,,,,3885,0,,220000,15,9,,,,,526,,,,,,,,,,,,,,,,,,,,,,,,,,,,,,,,,,,,,,48400,11727,,,,,,,,,,,,,,,,,,,,,,,,,,,,,,,,,,,,8,,,,,,,,15,,,,,,,
,40,,,,,3910,0,,240000,15,9,,,,,530,,,,,,,,,,,,,,,,,,,,,,,,,,,,,,,,,,,,,,49000,12333,,,,,,,,,,,,,,,,,,,,,,,,,,,,,,,,,,,,9,,,,,,,,15,,,,,,,
,41,,,,,3936,0,,260000,16,10,,,,,533,,,,,,,,,,,,,,,,,,,,,,,,,,,,,,,,,,,,,,49100,12410,,,,,,,,,,,,,,,,,,,,,,,,,,,,,,,,,,,,9,,,,,,,,15,,,,,,,
,42,,,,,3961,0,,280000,16,10,,,,,536,,,,,,,,,,,,,,,,,,,,,,,,,,,,,,,,,,,,,,49200,12485,,,,,,,,,,,,,,,,,,,,,,,,,,,,,,,,,,,,9,,,,,,,,15,,,,,,,
,43,,,,,3987,0,,300000,16,10,,,,,539,,,,,,,,,,,,,,,,,,,,,,,,,,,,,,,,,,,,,,49300,12562,,,,,,,,,,,,,,,,,,,,,,,,,,,,,,,,,,,,9,,,,,,,,15,,,,,,,
,44,,,,,4012,0,,320000,16,10,,,,,542,,,,,,,,,,,,,,,,,,,,,,,,,,,,,,,,,,,,,,49400,12637,,,,,,,,,,,,,,,,,,,,,,,,,,,,,,,,,,,,9,,,,,,,,15,,,,,,,
,45,,,,,4038,0,,340000,16,10,,,,,545,,,,,,,,,,,,,,,,,,,,,,,,,,,,,,,,,,,,,,50000,13255,,,,,,,,,,,,,,,,,,,,,,,,,,,,,,,,,,,,10,,,,,,,,15,,,,,,,
,46,,,,,4064,0,,350000,17,11,,,,,548,,,,,,,,,,,,,,,,,,,,,,,,,,,,,,,,,,,,,,50100,13350,,,,,,,,,,,,,,,,,,,,,,,,,,,,,,,,,,,,10,,,,,,,,15,,,,,,,
,47,,,,,4090,0,,360000,17,11,,,,,551,,,,,,,,,,,,,,,,,,,,,,,,,,,,,,,,,,,,,,50200,13440,,,,,,,,,,,,,,,,,,,,,,,,,,,,,,,,,,,,10,,,,,,,,15,,,,,,,
,48,,,,,4116,0,,370000,17,11,,,,,554,,,,,,,,,,,,,,,,,,,,,,,,,,,,,,,,,,,,,,50300,13530,,,,,,,,,,,,,,,,,,,,,,,,,,,,,,,,,,,,10,,,,,,,,15,,,,,,,
,49,,,,,4142,0,,380000,17,11,,,,,557,,,,,,,,,,,,,,,,,,,,,,,,,,,,,,,,,,,,,,50400,13620,,,,,,,,,,,,,,,,,,,,,,,,,,,,,,,,,,,,10,,,,,,,,15,,,,,,,
,50,,,,,4168,0,,400000,17,11,,,,,560,,,,,,,,,,,,,,,,,,,,,,,,,,,,,,,,,,,,,,51000,14200,,,,,,,,,,,,,,,,,,,,,,,,,,,,,,,,,,,,11,,,,,,,,15,,,,,,,
,51,,,,,4194,0,,410000,18,12,,,,,563,,,,,,,,,,,,,,,,,,,,,,,,,,,,,,,,,,,,,,51100,14300,,,,,,,,,,,,,,,,,,,,,,,,,,,,,,,,,,,,11,,,,,,,,15,,,,,,,
,52,,,,,4220,0,,420000,18,12,,,,,566,,,,,,,,,,,,,,,,,,,,,,,,,,,,,,,,,,,,,,51200,14400,,,,,,,,,,,,,,,,,,,,,,,,,,,,,,,,,,,,11,,,,,,,,15,,,,,,,
,53,,,,,4246,0,,430000,18,12,,,,,569,,,,,,,,,,,,,,,,,,,,,,,,,,,,,,,,,,,,,,51300,14500,,,,,,,,,,,,,,,,,,,,,,,,,,,,,,,,,,,,11,,,,,,,,15,,,,,,,
,54,,,,,4272,0,,450000,18,12,,,,,572,,,,,,,,,,,,,,,,,,,,,,,,,,,,,,,,,,,,,,51400,14600,,,,,,,,,,,,,,,,,,,,,,,,,,,,,,,,,,,,11,,,,,,,,15,,,,,,,
,55,,,,,4298,,,,18,12,,,,,575,,,,,,,,,,,,,,,,,,,,,,,,,,,,,,,,,,,,,,52000,14700,,,,,,,,,,,,,,,,,,,,,,,,,,,,,,,,,,,,12,,,,,,,,15,,,,,,,
BB Battle Copter,15,TID_HERO_BATTLE_COPTER,TID_HERO_INFO_BATTLE_COPTER,,180,2857,0,Elixir2,2600000,8,0,600,,650,,112,1,,sc/ui.sc,icon_hero_battlecopter,unit_battlecopter_big,sc/info_battlecopter.sc,,,,,BattleCopterProjectile,,,,,,TRUE,TRUE,TRUE,FALSE,,,,,900,25,,Elixir2,,Warmachine Scream,-100,-100,300,,TID_HERO_ABILITY_BATTLE_COPTER_DESC,icon_hero_battlecopter_ability1,unit_battlecopter_ability_big,66,0,1200,,,,,,,,,,,,,,,,,,,,,,,2100,2500,,100,TRUE,1,TRUE,,BattleCopterDefault,,M,Battle Copter Dive 1;Battle Copter Dive 2;Battle Copter Dive 3,1;1;1,,TRUE,2,,,,,,,,,,,,TRUE
,16,,,,,2885,0,,2700000,8,,,,,,116,,,,,,,,,,,,,,,,,,,,,,,,,,,,,,,,,,,,,,69,0,,,,,,,,,,,,,,,,,,,,,,,,,,,,,,,,,,,,1;1;1,,,,,,,,,,,,,,,
,17,,,,,2915,0,,2800000,8,,,,,,119,,,,,,,,,,,,,,,,,,,,,,,,,,,,,,,,,,,,,,71,0,,,,,,,,,,,,,,,,,,,,,,,,,,,,,,,,,,,,1;1;1,,,,,,,,,,,,,,,
,18,,,,,2943,0,,2900000,8,,,,,,123,,,,,,,,,,,,,,,,,,,,,,,,,,,,,,,,,,,,,,74,0,,,,,,,,,,,,,,,,,,,,,,,,,,,,,,,,,,,,1;1;1,,,,,,,,,,,,,,,
,19,,,,,2972,0,,3000000,8,,,,,,126,,,,,,,,,,,,,,,,,,,,,,,,,,,,,,,,,,,,,,76,0,,,,,,,,,,,,,,,,,,,,,,,,,,,,,,,,,,,,1;1;1,,,,,,,,,,,,,,,
,20,,,,,3003,0,,3100000,8,,,,,,130,,,,,,,,,,,,,,,,,,,,,,,,,,,,,,,,,,,,,,86,0,,,,,,,,,,,,,,,,,,,,,,,,,,,,,,,,,,,,2;2;2,,,,,,,,,,,,,,,
,21,,,,,3032,0,,3200000,8,,,,,,134,,,,,,,,,,,,,,,,,,,,,,,,,,,,,,,,,,,,,,88,0,,,,,,,,,,,,,,,,,,,,,,,,,,,,,,,,,,,,2;2;2,,,,,,,,,,,,,,,
,22,,,,,3062,0,,3300000,8,,,,,,137,,,,,,,,,,,,,,,,,,,,,,,,,,,,,,,,,,,,,,91,0,,,,,,,,,,,,,,,,,,,,,,,,,,,,,,,,,,,,2;2;2,,,,,,,,,,,,,,,
,23,,,,,3094,0,,3400000,8,,,,,,141,,,,,,,,,,,,,,,,,,,,,,,,,,,,,,,,,,,,,,95,0,,,,,,,,,,,,,,,,,,,,,,,,,,,,,,,,,,,,2;2;2,,,,,,,,,,,,,,,
,24,,,,,3124,0,,3500000,8,,,,,,144,,,,,,,,,,,,,,,,,,,,,,,,,,,,,,,,,,,,,,98,0,,,,,,,,,,,,,,,,,,,,,,,,,,,,,,,,,,,,2;2;2,,,,,,,,,,,,,,,
,25,,,,,3155,0,,3600000,8,,,,,,148,,,,,,,,,,,,,,,,,,,,,,,,,,,,,,,,,,,,,,108,0,,,,,,,,,,,,,,,,,,,,,,,,,,,,,,,,,,,,3;3;3,,,,,,,,,,,,,,,
,26,,,,,3187,0,,3700000,9,,,,,,153,,,,,,,,,,,,,,,,,,,,,,,,,,,,,,,,,,,,,,112,0,,,,,,,,,,,,,,,,,,,,,,,,,,,,,,,,,,,,3;3;3,,,,,,,,,,,,,,,
,27,,,,,3220,0,,3800000,9,,,,,,157,,,,,,,,,,,,,,,,,,,,,,,,,,,,,,,,,,,,,,116,0,,,,,,,,,,,,,,,,,,,,,,,,,,,,,,,,,,,,3;3;3,,,,,,,,,,,,,,,
,28,,,,,3252,0,,3900000,9,,,,,,162,,,,,,,,,,,,,,,,,,,,,,,,,,,,,,,,,,,,,,120,0,,,,,,,,,,,,,,,,,,,,,,,,,,,,,,,,,,,,3;3;3,,,,,,,,,,,,,,,
,29,,,,,3285,0,,4000000,9,,,,,,166,,,,,,,,,,,,,,,,,,,,,,,,,,,,,,,,,,,,,,125,0,,,,,,,,,,,,,,,,,,,,,,,,,,,,,,,,,,,,3;3;3,,,,,,,,,,,,,,,
,30,,,,,3318,0,,4100000,9,,,,,,171,,,,,,,,,,,,,,,,,,,,,,,,,,,,,,,,,,,,,,136,0,,,,,,,,,,,,,,,,,,,,,,,,,,,,,,,,,,,,4;4;4,,,,,,,,,,,,,,,
,31,,,,,3348,0,,4200000,10,,,,,,175,,,,,,,,,,,,,,,,,,,,,,,,,,,,,,,,,,,,,,141,0,,,,,,,,,,,,,,,,,,,,,,,,,,,,,,,,,,,,4;4;4,,,,,,,,,,,,,,,
,32,,,,,3375,0,,4300000,10,,,,,,180,,,,,,,,,,,,,,,,,,,,,,,,,,,,,,,,,,,,,,146,0,,,,,,,,,,,,,,,,,,,,,,,,,,,,,,,,,,,,4;4;4,,,,,,,,,,,,,,,
,33,,,,,3402,0,,4400000,10,,,,,,184,,,,,,,,,,,,,,,,,,,,,,,,,,,,,,,,,,,,,,152,0,,,,,,,,,,,,,,,,,,,,,,,,,,,,,,,,,,,,4;4;4,,,,,,,,,,,,,,,
,34,,,,,3429,0,,4500000,10,,,,,,189,,,,,,,,,,,,,,,,,,,,,,,,,,,,,,,,,,,,,,157,0,,,,,,,,,,,,,,,,,,,,,,,,,,,,,,,,,,,,4;4;4,,,,,,,,,,,,,,,
,35,,,,,3456,,,,10,,,,,,193,,,,,,,,,,,,,,,,,,,,,,,,,,,,,,,,,,,,,,171,0,,,,,,,,,,,,,,,,,,,,,,,,,,,,,,,,,,,,5;5;5,,,,,,,,,,,,,,,
Minion Prince,1,TID_MINION_HERO,TID_HERO_INSTRUCTIONS_MINION_HERO,,300,200,0,DarkElixir,5000,9,3,450,,850,,173,1,,sc/ui.sc,icon_hero_minionprince,unit_minion_prince_big,sc/info_minion_prince.sc,icon_hero_minionprince_profile,sc/ui.sc,hero_art_mp,sc/ui.sc,MinionHeroAttackProjectile,,Hero Deploy,,,Minion Prince Hit,TRUE,TRUE,TRUE,FALSE,,,,,1000,25,21,Elixir,,Barbarian King Scream,,,300,,TID_HERO_ABILITY_BARBARIAN_DESC,icon_hero_minionprince_ability1,unit_minion_prince_ability_big,3200,1400,1200,,,,,,,,,,,,,,,,,,,,,,,2100,2500,,80,TRUE,,,,MinionHeroDefault,450,M,MinionPrinceAbilityHeal,1,,TRUE,,HeroMinionPrince,,2,Henchmen Puppet; Dark Orb;,1,sc/buildings.sc,MH_rally_point,MH_rally_point_base,mp,3,ForceMoveMP,TRUE
,2,,,,,242,0,,5500,9,3,,,,,177,,,,,,,,,,,,,,,,,,,,,,,,,,,,,,,,,,,,,,3400,1600,,,,,,,,,,,,,,,,,,,,,,,,,,,,,,,,,,,,1,,,,,,,,1,,,,,3,,
,3,,,,,284,0,,6000,9,3,,,,,181,,,,,,,,,,,,,,,,,,,,,,,,,,,,,,,,,,,,,,3600,1800,,,,,,,,,,,,,,,,,,,,,,,,,,,,,,,,,,,,1,,,,,,,,1,,,,,3,,
,4,,,,,326,0,,6500,9,3,,,,,187,,,,,,,,,,,,,,,,,,,,,,,,,,,,,,,,,,,,,,3800,2000,,,,,,,,,,,,,,,,,,,,,,,,,,,,,,,,,,,,1,,,,,,,,1,,,,,3,,
,5,,,,,368,0,,7000,9,3,,,,,191,,,,,,,,,,,,,,,,,,,,,,,,,,,,,,,,,,,,,,4000,2200,,,,,,,,,,,,,,,,,,,,,,,,,,,,,,,,,,,,2,,,,,,,,1,,,,,3,,
,6,,,,,410,0,,7500,9,3,,,,,196,,,,,,,,,,,,,,,,,,,,,,,,,,,,,,,,,,,,,,4200,2400,,,,,,,,,,,,,,,,,,,,,,,,,,,,,,,,,,,,2,,,,,,,,2,,,,,3,,
,7,,,,,452,0,,8000,9,3,,,,,201,,,,,,,,,,,,,,,,,,,,,,,,,,,,,,,,,,,,,,4400,2600,,,,,,,,,,,,,,,,,,,,,,,,,,,,,,,,,,,,2,,,,,,,,2,,,,,3,,
,8,,,,,494,0,,8500,9,3,,,,,206,,,,,,,,,,,,,,,,,,,,,,,,,,,,,,,,,,,,,,4600,2800,,,,,,,,,,,,,,,,,,,,,,,,,,,,,,,,,,,,2,,,,,,,,2,,,,,3,,
,9,,,,,536,0,,10000,9,3,,,,,211,,,,,,,,,,,,,,,,,,,,,,,,,,,,,,,,,,,,,,4800,3000,,,,,,,,,,,,,,,,,,,,,,,,,,,,,,,,,,,,2,,,,,,,,2,,,,,3,,
,10,,,,,578,0,,10500,9,3,,,,,216,,,,,,,,,,,,,,,,,,,,,,,,,,,,,,,,,,,,,,5000,3200,,,,,,,,,,,,,,,,,,,,,,,,,,,,,,,,,,,,3,,,,,,,,2,,,,,4,,
,11,,,,,620,0,,11000,10,4,,,,,222,,,,,,,,,,,,,,,,,,,,,,,,,,,,,,,,,,,,,,5200,3300,,,,,,,,,,,,,,,,,,,,,,,,,,,,,,,,,,,,3,,,,,,,,3,,,,,4,,
,12,,,,,662,0,,11500,10,4,,,,,227,,,,,,,,,,,,,,,,,,,,,,,,,,,,,,,,,,,,,,5400,3400,,,,,,,,,,,,,,,,,,,,,,,,,,,,,,,,,,,,3,,,,,,,,3,,,,,4,,
,13,,,,,704,0,,12000,10,4,,,,,233,,,,,,,,,,,,,,,,,,,,,,,,,,,,,,,,,,,,,,5600,3500,,,,,,,,,,,,,,,,,,,,,,,,,,,,,,,,,,,,3,,,,,,,,3,,,,,4,,
,14,,,,,746,0,,12500,10,4,,,,,238,,,,,,,,,,,,,,,,,,,,,,,,,,,,,,,,,,,,,,5800,3600,,,,,,,,,,,,,,,,,,,,,,,,,,,,,,,,,,,,3,,,,,,,,3,,,,,4,,
,15,,,,,788,0,,13000,10,4,,,,,244,,,,,,,,,,,,,,,,,,,,,,,,,,,,,,,,,,,,,,6000,3700,,,,,,,,,,,,,,,,,,,,,,,,,,,,,,,,,,,,4,,,,,,,,3,,,,,4,,
,16,,,,,830,0,,13500,10,4,,,,,251,,,,,,,,,,,,,,,,,,,,,,,,,,,,,,,,,,,,,,6200,3800,,,,,,,,,,,,,,,,,,,,,,,,,,,,,,,,,,,,4,,,,,,,,4,,,,,4,,
,17,,,,,872,0,,14000,10,4,,,,,257,,,,,,,,,,,,,,,,,,,,,,,,,,,,,,,,,,,,,,6400,3900,,,,,,,,,,,,,,,,,,,,,,,,,,,,,,,,,,,,4,,,,,,,,4,,,,,4,,
,18,,,,,914,0,,14500,10,4,,,,,263,,,,,,,,,,,,,,,,,,,,,,,,,,,,,,,,,,,,,,6600,4000,,,,,,,,,,,,,,,,,,,,,,,,,,,,,,,,,,,,4,,,,,,,,4,,,,,4,,
,19,,,,,956,0,,15000,10,4,,,,,270,,,,,,,,,,,,,,,,,,,,,,,,,,,,,,,,,,,,,,6800,4100,,,,,,,,,,,,,,,,,,,,,,,,,,,,,,,,,,,,4,,,,,,,,4,,,,,4,,
,20,,,,,998,0,,17000,10,4,,,,,277,,,,,,,,,,,,,,,,,,,,,,,,,,,,,,,,,,,,,,7000,4200,,,,,,,,,,,,,,,,,,,,,,,,,,,,,,,,,,,,5,,,,,,,,4,,,,,5,,
,21,,,,,1040,0,,19000,11,5,,,,,284,,,,,,,,,,,,,,,,,,,,,,,,,,,,,,,,,,,,,,7200,4350,,,,,,,,,,,,,,,,,,,,,,,,,,,,,,,,,,,,5,,,,,,,,5,,,,,5,,
,22,,,,,1082,0,,21000,11,5,,,,,290,,,,,,,,,,,,,,,,,,,,,,,,,,,,,,,,,,,,,,7400,4500,,,,,,,,,,,,,,,,,,,,,,,,,,,,,,,,,,,,5,,,,,,,,5,,,,,5,,
,23,,,,,1124,0,,23000,11,5,,,,,298,,,,,,,,,,,,,,,,,,,,,,,,,,,,,,,,,,,,,,7600,4650,,,,,,,,,,,,,,,,,,,,,,,,,,,,,,,,,,,,5,,,,,,,,5,,,,,5,,
,24,,,,,1166,0,,25000,11,5,,,,,305,,,,,,,,,,,,,,,,,,,,,,,,,,,,,,,,,,,,,,7800,4800,,,,,,,,,,,,,,,,,,,,,,,,,,,,,,,,,,,,5,,,,,,,,5,,,,,5,,
,25,,,,,1208,0,,27000,11,5,,,,,313,,,,,,,,,,,,,,,,,,,,,,,,,,,,,,,,,,,,,,8000,4950,,,,,,,,,,,,,,,,,,,,,,,,,,,,,,,,,,,,6,,,,,,,,5,,,,,5,,
,26,,,,,1250,0,,29000,11,5,,,,,321,,,,,,,,,,,,,,,,,,,,,,,,,,,,,,,,,,,,,,8200,5100,,,,,,,,,,,,,,,,,,,,,,,,,,,,,,,,,,,,6,,,,,,,,6,,,,,5,,
,27,,,,,1292,0,,31000,11,5,,,,,329,,,,,,,,,,,,,,,,,,,,,,,,,,,,,,,,,,,,,,8400,5250,,,,,,,,,,,,,,,,,,,,,,,,,,,,,,,,,,,,6,,,,,,,,6,,,,,5,,
,28,,,,,1334,0,,33000,11,5,,,,,337,,,,,,,,,,,,,,,,,,,,,,,,,,,,,,,,,,,,,,8600,5400,,,,,,,,,,,,,,,,,,,,,,,,,,,,,,,,,,,,6,,,,,,,,6,,,,,5,,
,29,,,,,1376,0,,35000,11,5,,,,,345,,,,,,,,,,,,,,,,,,,,,,,,,,,,,,,,,,,,,,8800,5550,,,,,,,,,,,,,,,,,,,,,,,,,,,,,,,,,,,,6,,,,,,,,6,,,,,5,,
,30,,,,,1418,0,,36000,11,5,,,,,354,,,,,,,,,,,,,,,,,,,,,,,,,,,,,,,,,,,,,,9000,5700,,,,,,,,,,,,,,,,,,,,,,,,,,,,,,,,,,,,7,,,,,,,,6,,,,,6,,
,31,,,,,1460,0,,37000,12,6,,,,,363,,,,,,,,,,,,,,,,,,,,,,,,,,,,,,,,,,,,,,9500,6000,,,,,,,,,,,,,,,,,,,,,,,,,,,,,,,,,,,,7,,,,,,,,7,,,,,6,,
,32,,,,,1502,0,,38000,12,6,,,,,372,,,,,,,,,,,,,,,,,,,,,,,,,,,,,,,,,,,,,,10000,6300,,,,,,,,,,,,,,,,,,,,,,,,,,,,,,,,,,,,7,,,,,,,,7,,,,,6,,
,33,,,,,1544,0,,39000,12,6,,,,,381,,,,,,,,,,,,,,,,,,,,,,,,,,,,,,,,,,,,,,10500,6600,,,,,,,,,,,,,,,,,,,,,,,,,,,,,,,,,,,,7,,,,,,,,7,,,,,6,,
,34,,,,,1586,0,,40000,12,6,,,,,391,,,,,,,,,,,,,,,,,,,,,,,,,,,,,,,,,,,,,,11000,6900,,,,,,,,,,,,,,,,,,,,,,,,,,,,,,,,,,,,7,,,,,,,,7,,,,,6,,
,35,,,,,1628,0,,41000,12,6,,,,,401,,,,,,,,,,,,,,,,,,,,,,,,,,,,,,,,,,,,,,11500,7200,,,,,,,,,,,,,,,,,,,,,,,,,,,,,,,,,,,,8,,,,,,,,7,,,,,6,,
,36,,,,,1670,0,,42000,12,6,,,,,411,,,,,,,,,,,,,,,,,,,,,,,,,,,,,,,,,,,,,,12000,7500,,,,,,,,,,,,,,,,,,,,,,,,,,,,,,,,,,,,8,,,,,,,,8,,,,,6,,
,37,,,,,1712,0,,43000,12,6,,,,,419,,,,,,,,,,,,,,,,,,,,,,,,,,,,,,,,,,,,,,12500,7800,,,,,,,,,,,,,,,,,,,,,,,,,,,,,,,,,,,,8,,,,,,,,8,,,,,6,,
,38,,,,,1754,0,,44000,12,6,,,,,427,,,,,,,,,,,,,,,,,,,,,,,,,,,,,,,,,,,,,,13000,8100,,,,,,,,,,,,,,,,,,,,,,,,,,,,,,,,,,,,8,,,,,,,,8,,,,,6,,
,39,,,,,1796,0,,45000,12,6,,,,,437,,,,,,,,,,,,,,,,,,,,,,,,,,,,,,,,,,,,,,13500,8400,,,,,,,,,,,,,,,,,,,,,,,,,,,,,,,,,,,,8,,,,,,,,8,,,,,6,,
,40,,,,,1838,0,,50000,12,6,,,,,446,,,,,,,,,,,,,,,,,,,,,,,,,,,,,,,,,,,,,,14000,8700,,,,,,,,,,,,,,,,,,,,,,,,,,,,,,,,,,,,9,,,,,,,,8,,,,,7,,
,41,,,,,1880,0,,55000,13,7,,,,,455,,,,,,,,,,,,,,,,,,,,,,,,,,,,,,,,,,,,,,14300,8900,,,,,,,,,,,,,,,,,,,,,,,,,,,,,,,,,,,,9,,,,,,,,9,,,,,7,,
,42,,,,,1922,0,,60000,13,7,,,,,464,,,,,,,,,,,,,,,,,,,,,,,,,,,,,,,,,,,,,,14600,9100,,,,,,,,,,,,,,,,,,,,,,,,,,,,,,,,,,,,9,,,,,,,,9,,,,,7,,
,43,,,,,1964,0,,65000,13,7,,,,,474,,,,,,,,,,,,,,,,,,,,,,,,,,,,,,,,,,,,,,14900,9300,,,,,,,,,,,,,,,,,,,,,,,,,,,,,,,,,,,,9,,,,,,,,9,,,,,7,,
,44,,,,,2006,0,,70000,13,7,,,,,484,,,,,,,,,,,,,,,,,,,,,,,,,,,,,,,,,,,,,,15200,9500,,,,,,,,,,,,,,,,,,,,,,,,,,,,,,,,,,,,9,,,,,,,,9,,,,,7,,
,45,,,,,2048,0,,75000,13,7,,,,,494,,,,,,,,,,,,,,,,,,,,,,,,,,,,,,,,,,,,,,15500,9700,,,,,,,,,,,,,,,,,,,,,,,,,,,,,,,,,,,,10,,,,,,,,9,,,,,7,,
,46,,,,,2090,0,,80000,13,7,,,,,504,,,,,,,,,,,,,,,,,,,,,,,,,,,,,,,,,,,,,,15800,9900,,,,,,,,,,,,,,,,,,,,,,,,,,,,,,,,,,,,10,,,,,,,,10,,,,,7,,
,47,,,,,2132,0,,85000,13,7,,,,,513,,,,,,,,,,,,,,,,,,,,,,,,,,,,,,,,,,,,,,16100,10100,,,,,,,,,,,,,,,,,,,,,,,,,,,,,,,,,,,,10,,,,,,,,10,,,,,7,,
,48,,,,,2174,0,,90000,13,7,,,,,523,,,,,,,,,,,,,,,,,,,,,,,,,,,,,,,,,,,,,,16400,10300,,,,,,,,,,,,,,,,,,,,,,,,,,,,,,,,,,,,10,,,,,,,,10,,,,,7,,
,49,,,,,2216,0,,95000,13,7,,,,,534,,,,,,,,,,,,,,,,,,,,,,,,,,,,,,,,,,,,,,16700,10500,,,,,,,,,,,,,,,,,,,,,,,,,,,,,,,,,,,,10,,,,,,,,10,,,,,7,,
,50,,,,,2258,0,,100000,13,7,,,,,545,,,,,,,,,,,,,,,,,,,,,,,,,,,,,,,,,,,,,,17000,10700,,,,,,,,,,,,,,,,,,,,,,,,,,,,,,,,,,,,11,,,,,,,,10,,,,,8,,
,51,,,,,2300,0,,105000,14,8,,,,,556,,,,,,,,,,,,,,,,,,,,,,,,,,,,,,,,,,,,,,17100,10800,,,,,,,,,,,,,,,,,,,,,,,,,,,,,,,,,,,,11,,,,,,,,11,,,,,8,,
,52,,,,,2342,0,,110000,14,8,,,,,566,,,,,,,,,,,,,,,,,,,,,,,,,,,,,,,,,,,,,,17200,10900,,,,,,,,,,,,,,,,,,,,,,,,,,,,,,,,,,,,11,,,,,,,,11,,,,,8,,
,53,,,,,2384,0,,115000,14,8,,,,,575,,,,,,,,,,,,,,,,,,,,,,,,,,,,,,,,,,,,,,17300,11000,,,,,,,,,,,,,,,,,,,,,,,,,,,,,,,,,,,,11,,,,,,,,11,,,,,8,,
,54,,,,,2426,0,,120000,14,8,,,,,584,,,,,,,,,,,,,,,,,,,,,,,,,,,,,,,,,,,,,,17400,11100,,,,,,,,,,,,,,,,,,,,,,,,,,,,,,,,,,,,11,,,,,,,,11,,,,,8,,
,55,,,,,2468,0,,125000,14,8,,,,,591,,,,,,,,,,,,,,,,,,,,,,,,,,,,,,,,,,,,,,17500,11200,,,,,,,,,,,,,,,,,,,,,,,,,,,,,,,,,,,,12,,,,,,,,11,,,,,8,,
,56,,,,,2510,0,,130000,14,8,,,,,598,,,,,,,,,,,,,,,,,,,,,,,,,,,,,,,,,,,,,,17600,11300,,,,,,,,,,,,,,,,,,,,,,,,,,,,,,,,,,,,12,,,,,,,,12,,,,,8,,
,57,,,,,2552,0,,135000,14,8,,,,,604,,,,,,,,,,,,,,,,,,,,,,,,,,,,,,,,,,,,,,17700,11400,,,,,,,,,,,,,,,,,,,,,,,,,,,,,,,,,,,,12,,,,,,,,12,,,,,8,,
,58,,,,,2594,0,,140000,14,8,,,,,610,,,,,,,,,,,,,,,,,,,,,,,,,,,,,,,,,,,,,,17800,11500,,,,,,,,,,,,,,,,,,,,,,,,,,,,,,,,,,,,12,,,,,,,,12,,,,,8,,
,59,,,,,2636,0,,145000,14,8,,,,,614,,,,,,,,,,,,,,,,,,,,,,,,,,,,,,,,,,,,,,17900,11600,,,,,,,,,,,,,,,,,,,,,,,,,,,,,,,,,,,,12,,,,,,,,12,,,,,8,,
,60,,,,,2678,0,,150000,14,8,,,,,619,,,,,,,,,,,,,,,,,,,,,,,,,,,,,,,,,,,,,,18000,11700,,,,,,,,,,,,,,,,,,,,,,,,,,,,,,,,,,,,13,,,,,,,,12,,,,,9,,
,61,,,,,2720,0,,155000,15,9,,,,,623,,,,,,,,,,,,,,,,,,,,,,,,,,,,,,,,,,,,,,18200,11800,,,,,,,,,,,,,,,,,,,,,,,,,,,,,,,,,,,,13,,,,,,,,13,,,,,9,,
,62,,,,,2762,0,,160000,15,9,,,,,628,,,,,,,,,,,,,,,,,,,,,,,,,,,,,,,,,,,,,,18400,11900,,,,,,,,,,,,,,,,,,,,,,,,,,,,,,,,,,,,13,,,,,,,,13,,,,,9,,
,63,,,,,2804,0,,165000,15,9,,,,,631,,,,,,,,,,,,,,,,,,,,,,,,,,,,,,,,,,,,,,18600,12000,,,,,,,,,,,,,,,,,,,,,,,,,,,,,,,,,,,,13,,,,,,,,13,,,,,9,,
,64,,,,,2846,0,,170000,15,9,,,,,636,,,,,,,,,,,,,,,,,,,,,,,,,,,,,,,,,,,,,,18800,12100,,,,,,,,,,,,,,,,,,,,,,,,,,,,,,,,,,,,13,,,,,,,,13,,,,,9,,
,65,,,,,2888,0,,175000,15,9,,,,,639,,,,,,,,,,,,,,,,,,,,,,,,,,,,,,,,,,,,,,19000,12200,,,,,,,,,,,,,,,,,,,,,,,,,,,,,,,,,,,,14,,,,,,,,13,,,,,9,,
,66,,,,,2930,0,,180000,15,9,,,,,643,,,,,,,,,,,,,,,,,,,,,,,,,,,,,,,,,,,,,,19200,12300,,,,,,,,,,,,,,,,,,,,,,,,,,,,,,,,,,,,14,,,,,,,,14,,,,,9,,
,67,,,,,2972,0,,185000,15,9,,,,,646,,,,,,,,,,,,,,,,,,,,,,,,,,,,,,,,,,,,,,19400,12400,,,,,,,,,,,,,,,,,,,,,,,,,,,,,,,,,,,,14,,,,,,,,14,,,,,9,,
,68,,,,,3014,0,,190000,15,9,,,,,649,,,,,,,,,,,,,,,,,,,,,,,,,,,,,,,,,,,,,,19600,12500,,,,,,,,,,,,,,,,,,,,,,,,,,,,,,,,,,,,14,,,,,,,,14,,,,,9,,
,69,,,,,3056,0,,195000,15,9,,,,,652,,,,,,,,,,,,,,,,,,,,,,,,,,,,,,,,,,,,,,19800,12600,,,,,,,,,,,,,,,,,,,,,,,,,,,,,,,,,,,,14,,,,,,,,14,,,,,9,,
,70,,,,,3098,0,,200000,15,9,,,,,656,,,,,,,,,,,,,,,,,,,,,,,,,,,,,,,,,,,,,,20000,12700,,,,,,,,,,,,,,,,,,,,,,,,,,,,,,,,,,,,15,,,,,,,,14,,,,,10,,
,71,,,,,3161,0,,205000,16,10,,,,,658,,,,,,,,,,,,,,,,,,,,,,,,,,,,,,,,,,,,,,20150,12800,,,,,,,,,,,,,,,,,,,,,,,,,,,,,,,,,,,,15,,,,,,,,15,,,,,10,,
,72,,,,,3224,0,,210000,16,10,,,,,661,,,,,,,,,,,,,,,,,,,,,,,,,,,,,,,,,,,,,,20300,12900,,,,,,,,,,,,,,,,,,,,,,,,,,,,,,,,,,,,15,,,,,,,,15,,,,,10,,
,73,,,,,3287,0,,220000,16,10,,,,,665,,,,,,,,,,,,,,,,,,,,,,,,,,,,,,,,,,,,,,20450,13000,,,,,,,,,,,,,,,,,,,,,,,,,,,,,,,,,,,,15,,,,,,,,15,,,,,10,,
,74,,,,,3350,0,,230000,16,10,,,,,670,,,,,,,,,,,,,,,,,,,,,,,,,,,,,,,,,,,,,,20600,13100,,,,,,,,,,,,,,,,,,,,,,,,,,,,,,,,,,,,15,,,,,,,,15,,,,,10,,
,75,,,,,3413,0,,240000,16,10,,,,,675,,,,,,,,,,,,,,,,,,,,,,,,,,,,,,,,,,,,,,20750,13200,,,,,,,,,,,,,,,,,,,,,,,,,,,,,,,,,,,,16,,,,,,,,15,,,,,10,,
,76,,,,,3476,0,,250000,16,10,,,,,680,,,,,,,,,,,,,,,,,,,,,,,,,,,,,,,,,,,,,,20900,13300,,,,,,,,,,,,,,,,,,,,,,,,,,,,,,,,,,,,16,,,,,,,,15,,,,,10,,
,77,,,,,3539,0,,260000,16,10,,,,,685,,,,,,,,,,,,,,,,,,,,,,,,,,,,,,,,,,,,,,21050,13400,,,,,,,,,,,,,,,,,,,,,,,,,,,,,,,,,,,,16,,,,,,,,15,,,,,10,,
,78,,,,,3602,0,,270000,16,10,,,,,690,,,,,,,,,,,,,,,,,,,,,,,,,,,,,,,,,,,,,,21200,13500,,,,,,,,,,,,,,,,,,,,,,,,,,,,,,,,,,,,16,,,,,,,,15,,,,,10,,
,79,,,,,3665,0,,280000,16,10,,,,,695,,,,,,,,,,,,,,,,,,,,,,,,,,,,,,,,,,,,,,21350,13600,,,,,,,,,,,,,,,,,,,,,,,,,,,,,,,,,,,,16,,,,,,,,15,,,,,10,,
,80,,,,,3728,0,,290000,16,10,,,,,700,,,,,,,,,,,,,,,,,,,,,,,,,,,,,,,,,,,,,,21500,13700,,,,,,,,,,,,,,,,,,,,,,,,,,,,,,,,,,,,17,,,,,,,,15,,,,,11,,
,81,,,,,3791,0,,300000,17,11,,,,,705,,,,,,,,,,,,,,,,,,,,,,,,,,,,,,,,,,,,,,21650,13750,,,,,,,,,,,,,,,,,,,,,,,,,,,,,,,,,,,,17,,,,,,,,15,,,,,11,,
,82,,,,,3854,0,,310000,17,11,,,,,710,,,,,,,,,,,,,,,,,,,,,,,,,,,,,,,,,,,,,,21800,13800,,,,,,,,,,,,,,,,,,,,,,,,,,,,,,,,,,,,17,,,,,,,,15,,,,,11,,
,83,,,,,3917,0,,320000,17,11,,,,,715,,,,,,,,,,,,,,,,,,,,,,,,,,,,,,,,,,,,,,21950,13850,,,,,,,,,,,,,,,,,,,,,,,,,,,,,,,,,,,,17,,,,,,,,15,,,,,11,,
,84,,,,,3980,0,,330000,17,11,,,,,720,,,,,,,,,,,,,,,,,,,,,,,,,,,,,,,,,,,,,,22100,13900,,,,,,,,,,,,,,,,,,,,,,,,,,,,,,,,,,,,17,,,,,,,,15,,,,,11,,
,85,,,,,4043,0,,340000,17,11,,,,,725,,,,,,,,,,,,,,,,,,,,,,,,,,,,,,,,,,,,,,22250,13950,,,,,,,,,,,,,,,,,,,,,,,,,,,,,,,,,,,,18,,,,,,,,15,,,,,11,,
,86,,,,,4106,0,,350000,17,11,,,,,730,,,,,,,,,,,,,,,,,,,,,,,,,,,,,,,,,,,,,,22400,14000,,,,,,,,,,,,,,,,,,,,,,,,,,,,,,,,,,,,18,,,,,,,,15,,,,,11,,
,87,,,,,4169,0,,360000,17,11,,,,,735,,,,,,,,,,,,,,,,,,,,,,,,,,,,,,,,,,,,,,22550,14050,,,,,,,,,,,,,,,,,,,,,,,,,,,,,,,,,,,,18,,,,,,,,15,,,,,11,,
,88,,,,,4232,0,,370000,17,11,,,,,740,,,,,,,,,,,,,,,,,,,,,,,,,,,,,,,,,,,,,,22700,14100,,,,,,,,,,,,,,,,,,,,,,,,,,,,,,,,,,,,18,,,,,,,,15,,,,,11,,
,89,,,,,4295,0,,380000,17,11,,,,,745,,,,,,,,,,,,,,,,,,,,,,,,,,,,,,,,,,,,,,22850,14150,,,,,,,,,,,,,,,,,,,,,,,,,,,,,,,,,,,,18,,,,,,,,15,,,,,11,,
,90,,,,,4358,0,,400000,17,11,,,,,750,,,,,,,,,,,,,,,,,,,,,,,,,,,,,,,,,,,,,,23000,14200,,,,,,,,,,,,,,,,,,,,,,,,,,,,,,,,,,,,19,,,,,,,,15,,,,,11,,
,91,,,,,4390,0,,410000,18,12,,,,,753,,,,,,,,,,,,,,,,,,,,,,,,,,,,,,,,,,,,,,23150,14300,,,,,,,,,,,,,,,,,,,,,,,,,,,,,,,,,,,,19,,,,,,,,15,,,,,100,,
,92,,,,,4420,0,,420000,18,12,,,,,756,,,,,,,,,,,,,,,,,,,,,,,,,,,,,,,,,,,,,,23300,14400,,,,,,,,,,,,,,,,,,,,,,,,,,,,,,,,,,,,19,,,,,,,,15,,,,,100,,
,93,,,,,4450,0,,430000,18,12,,,,,759,,,,,,,,,,,,,,,,,,,,,,,,,,,,,,,,,,,,,,23450,14500,,,,,,,,,,,,,,,,,,,,,,,,,,,,,,,,,,,,19,,,,,,,,15,,,,,100,,
,94,,,,,4480,0,,450000,18,12,,,,,762,,,,,,,,,,,,,,,,,,,,,,,,,,,,,,,,,,,,,,23600,14600,,,,,,,,,,,,,,,,,,,,,,,,,,,,,,,,,,,,19,,,,,,,,15,,,,,100,,
,95,,,,,4510,,,,18,12,,,,,765,,,,,,,,,,,,,,,,,,,,,,,,,,,,,,,,,,,,,,23750,14700,,,,,,,,,,,,,,,,,,,,,,,,,,,,,,,,,,,,20,,,,,,,,15,,,,,100,,
Dragon Duke,1,TID_DRAGON_DUKE,TID_HERO_INFO_DRAGON_DUKE,TRUE,250,9100,0,DarkElixir,50000,15,9,125,,1200,700,304,1,,sc/ui.sc,icon_hero_dragonDuke,unit_battlecopter_big,sc/info_battlecopter.sc,icon_hero_dragonDuke_profile,sc/ui.sc,hero_art_bk,sc/ui.sc,,,Hero Deploy,,,Dragon Hit,TRUE,TRUE,TRUE,FALSE,,,,,1000,25,21,,,,,,300,,TID_HERO_ABILITY_BATTLE_COPTER_DESC,icon_hero_dragonDuke_ability1,unit_battlecopter_ability_big,20500,12600,1200,,,,,,,,,,,,,,,,,,,,,,,2100,2500,,80,TRUE,,,,DragonDukeDefault,,M,DragonDukeRageWhenAlone;DragonDukeAbilityHeal,1;1,TRUE,TRUE,,HeroDragonDuke,,2,Fire Heart; Flame Blower;,1,sc/buildings.sc,DD_rally_point,DD_rally_point_base,dd,,ForceMoveDD,TRUE
,2,,,,,9175,0,,60000,15,9,,,,,308,,,,,,,,,,,,,,,,,,,,,,,,,,,,,,,,,,,,,,20650,12700,,,,,,,,,,,,,,,,,,,,,,,,,,,,,,,,,,,,1;1,,,,,,,,1,,,,,,,
,3,,,,,9250,0,,70000,15,9,,,,,312,,,,,,,,,,,,,,,,,,,,,,,,,,,,,,,,,,,,,,20800,12800,,,,,,,,,,,,,,,,,,,,,,,,,,,,,,,,,,,,1;1,,,,,,,,1,,,,,,,
,4,,,,,9325,0,,80000,15,9,,,,,316,,,,,,,,,,,,,,,,,,,,,,,,,,,,,,,,,,,,,,20950,12900,,,,,,,,,,,,,,,,,,,,,,,,,,,,,,,,,,,,1;1,,,,,,,,1,,,,,,,
,5,,,,,9400,0,,90000,15,9,,,,,320,,,,,,,,,,,,,,,,,,,,,,,,,,,,,,,,,,,,,,21100,13000,,,,,,,,,,,,,,,,,,,,,,,,,,,,,,,,,,,,1;2,,,,,,,,1,,,,,,,
,6,,,,,9475,0,,100000,15,9,,,,,324,,,,,,,,,,,,,,,,,,,,,,,,,,,,,,,,,,,,,,21250,13100,,,,,,,,,,,,,,,,,,,,,,,,,,,,,,,,,,,,1;2,,,,,,,,1,,,,,,,
,7,,,,,9550,0,,110000,15,9,,,,,328,,,,,,,,,,,,,,,,,,,,,,,,,,,,,,,,,,,,,,21400,13200,,,,,,,,,,,,,,,,,,,,,,,,,,,,,,,,,,,,1;2,,,,,,,,1,,,,,,,
,8,,,,,9625,0,,120000,15,9,,,,,332,,,,,,,,,,,,,,,,,,,,,,,,,,,,,,,,,,,,,,21550,13300,,,,,,,,,,,,,,,,,,,,,,,,,,,,,,,,,,,,1;2,,,,,,,,1,,,,,,,
,9,,,,,9700,0,,130000,15,9,,,,,336,,,,,,,,,,,,,,,,,,,,,,,,,,,,,,,,,,,,,,21700,13400,,,,,,,,,,,,,,,,,,,,,,,,,,,,,,,,,,,,1;2,,,,,,,,1,,,,,,,
,10,,,,,9775,0,,150000,15,9,,,,,340,,,,,,,,,,,,,,,,,,,,,,,,,,,,,,,,,,,,,,21850,13500,,,,,,,,,,,,,,,,,,,,,,,,,,,,,,,,,,,,1;3,,,,,,,,1,,,,,,,
,11,,,,,9850,0,,175000,16,10,,,,,344,,,,,,,,,,,,,,,,,,,,,,,,,,,,,,,,,,,,,,22000,13600,,,,,,,,,,,,,,,,,,,,,,,,,,,,,,,,,,,,1;3,,,,,,,,1,,,,,,,
,12,,,,,9925,0,,200000,16,10,,,,,348,,,,,,,,,,,,,,,,,,,,,,,,,,,,,,,,,,,,,,22150,13700,,,,,,,,,,,,,,,,,,,,,,,,,,,,,,,,,,,,1;3,,,,,,,,1,,,,,,,
,13,,,,,10000,0,,225000,16,10,,,,,352,,,,,,,,,,,,,,,,,,,,,,,,,,,,,,,,,,,,,,22300,13800,,,,,,,,,,,,,,,,,,,,,,,,,,,,,,,,,,,,1;3,,,,,,,,1,,,,,,,
,14,,,,,10075,0,,250000,16,10,,,,,356,,,,,,,,,,,,,,,,,,,,,,,,,,,,,,,,,,,,,,22450,13900,,,,,,,,,,,,,,,,,,,,,,,,,,,,,,,,,,,,1;3,,,,,,,,1,,,,,,,
,15,,,,,10150,0,,275000,16,10,,,,,360,,,,,,,,,,,,,,,,,,,,,,,,,,,,,,,,,,,,,,22600,14000,,,,,,,,,,,,,,,,,,,,,,,,,,,,,,,,,,,,1;4,,,,,,,,1,,,,,,,
,16,,,,,10225,0,,300000,17,11,,,,,364,,,,,,,,,,,,,,,,,,,,,,,,,,,,,,,,,,,,,,22750,14100,,,,,,,,,,,,,,,,,,,,,,,,,,,,,,,,,,,,1;4,,,,,,,,1,,,,,,,
,17,,,,,10300,0,,325000,17,11,,,,,368,,,,,,,,,,,,,,,,,,,,,,,,,,,,,,,,,,,,,,22800,14200,,,,,,,,,,,,,,,,,,,,,,,,,,,,,,,,,,,,1;4,,,,,,,,1,,,,,,,
,18,,,,,10375,0,,350000,17,11,,,,,372,,,,,,,,,,,,,,,,,,,,,,,,,,,,,,,,,,,,,,22950,14300,,,,,,,,,,,,,,,,,,,,,,,,,,,,,,,,,,,,1;4,,,,,,,,1,,,,,,,
,19,,,,,10450,0,,375000,17,11,,,,,376,,,,,,,,,,,,,,,,,,,,,,,,,,,,,,,,,,,,,,23100,14400,,,,,,,,,,,,,,,,,,,,,,,,,,,,,,,,,,,,1;4,,,,,,,,1,,,,,,,
,20,,,,,10525,0,,400000,17,11,,,,,380,,,,,,,,,,,,,,,,,,,,,,,,,,,,,,,,,,,,,,23250,14500,,,,,,,,,,,,,,,,,,,,,,,,,,,,,,,,,,,,1;5,,,,,,,,1,,,,,,,
,21,,,,,10600,0,,420000,18,12,,,,,384,,,,,,,,,,,,,,,,,,,,,,,,,,,,,,,,,,,,,,23400,14600,,,,,,,,,,,,,,,,,,,,,,,,,,,,,,,,,,,,1;5,,,,,,,,1,,,,,,,
,22,,,,,10675,0,,440000,18,12,,,,,388,,,,,,,,,,,,,,,,,,,,,,,,,,,,,,,,,,,,,,23550,14700,,,,,,,,,,,,,,,,,,,,,,,,,,,,,,,,,,,,1;5,,,,,,,,1,,,,,,,
,23,,,,,10750,0,,460000,18,12,,,,,392,,,,,,,,,,,,,,,,,,,,,,,,,,,,,,,,,,,,,,23700,14800,,,,,,,,,,,,,,,,,,,,,,,,,,,,,,,,,,,,1;5,,,,,,,,1,,,,,,,
,24,,,,,10825,0,,480000,18,12,,,,,396,,,,,,,,,,,,,,,,,,,,,,,,,,,,,,,,,,,,,,23850,14900,,,,,,,,,,,,,,,,,,,,,,,,,,,,,,,,,,,,1;5,,,,,,,,1,,,,,,,
,25,,,,,10900,,,,18,12,,,,,400,,,,,,,,,,,,,,,,,,,,,,,,,,,,,,,,,,,,,,24000,15000,,,,,,,,,,,,,,,,,,,,,,,,,,,,,,,,,,,,1;6,,,,,,,,1,,,,,,,
